periode,indice_prix,description,zone,id_serie,annee,mois,inflation_12m
1990-01,66.44,Indice des prix à la consommation - Base 2015 - Ensemble des ménages - France métropolitaine - Ensemble,FM,1763866,1990,1,
1990-02,66.58,Indice des prix à la consommation - Base 2015 - Ensemble des ménages - France métropolitaine - Ensemble,FM,1763866,1990,2,
1990-03,66.74,Indice des prix à la consommation - Base 2015 - Ensemble des ménages - France métropolitaine - Ensemble,FM,1763866,1990,3,
1990-04,67.11,Indice des prix à la consommation - Base 2015 - Ensemble des ménages - France métropolitaine - Ensemble,FM,1763866,1990,4,
1990-05,67.21,Indice des prix à la consommation - Base 2015 - Ensemble des ménages - France métropolitaine - Ensemble,FM,1763866,1990,5,
1990-06,67.2,Indice des prix à la consommation - Base 2015 - Ensemble des ménages - France métropolitaine - Ensemble,FM,1763866,1990,6,
1990-07,67.22,Indice des prix à la consommation - Base 2015 - Ensemble des ménages - France métropolitaine - Ensemble,FM,1763866,1990,7,
1990-08,67.66,Indice des prix à la consommation - Base 2015 - Ensemble des ménages - France métropolitaine - Ensemble,FM,1763866,1990,8,
1990-09,68.15,Indice des prix à la consommation - Base 2015 - Ensemble des ménages - France métropolitaine - Ensemble,FM,1763866,1990,9,
1990-10,68.44,Indice des prix à la consommation - Base 2015 - Ensemble des ménages - France métropolitaine - Ensemble,FM,1763866,1990,10,
1990-11,68.33,Indice des prix à la consommation - Base 2015 - Ensemble des ménages - France métropolitaine - Ensemble,FM,1763866,1990,11,
1990-12,68.28,Indice des prix à la consommation - Base 2015 - Ensemble des ménages - France métropolitaine - Ensemble,FM,1763866,1990,12,
1991-01,68.66,Indice des prix à la consommation - Base 2015 - Ensemble des ménages - France métropolitaine - Ensemble,FM,1763866,1991,1,3.341360626128842
1991-02,68.84,Indice des prix à la consommation - Base 2015 - Ensemble des ménages - France métropolitaine - Ensemble,FM,1763866,1991,2,3.3944127365575394
1991-03,68.97,Indice des prix à la consommation - Base 2015 - Ensemble des ménages - France métropolitaine - Ensemble,FM,1763866,1991,3,3.3413245430027105
1991-04,69.18,Indice des prix à la consommation - Base 2015 - Ensemble des ménages - France métropolitaine - Ensemble,FM,1763866,1991,4,3.0844881537773983
1991-05,69.4,Indice des prix à la consommation - Base 2015 - Ensemble des ménages - France métropolitaine - Ensemble,FM,1763866,1991,5,3.2584436839756092
1991-06,69.57,Indice des prix à la consommation - Base 2015 - Ensemble des ménages - France métropolitaine - Ensemble,FM,1763866,1991,6,3.5267857142857073
1991-07,69.75,Indice des prix à la consommation - Base 2015 - Ensemble des ménages - France métropolitaine - Ensemble,FM,1763866,1991,7,3.7637607854805077
1991-08,69.83,Indice des prix à la consommation - Base 2015 - Ensemble des ménages - France métropolitaine - Ensemble,FM,1763866,1991,8,3.207212533254511
1991-09,69.94,Indice des prix à la consommation - Base 2015 - Ensemble des ménages - France métropolitaine - Ensemble,FM,1763866,1991,9,2.6265590608950617
1991-10,70.3,Indice des prix à la consommation - Base 2015 - Ensemble des ménages - France métropolitaine - Ensemble,FM,1763866,1991,10,2.7177089421390965
1991-11,70.57,Indice des prix à la consommation - Base 2015 - Ensemble des ménages - France métropolitaine - Ensemble,FM,1763866,1991,11,3.2782086931069765
1991-12,70.34,Indice des prix à la consommation - Base 2015 - Ensemble des ménages - France métropolitaine - Ensemble,FM,1763866,1991,12,3.016988869361459
1992-01,70.46,Indice des prix à la consommation - Base 2015 - Ensemble des ménages - France métropolitaine - Ensemble,FM,1763866,1992,1,2.6216137489076585
1992-02,70.76,Indice des prix à la consommation - Base 2015 - Ensemble des ménages - France métropolitaine - Ensemble,FM,1763866,1992,2,2.7890761185357382
1992-03,70.99,Indice des prix à la consommation - Base 2015 - Ensemble des ménages - France métropolitaine - Ensemble,FM,1763866,1992,3,2.928809627374207
1992-04,71.14,Indice des prix à la consommation - Base 2015 - Ensemble des ménages - France métropolitaine - Ensemble,FM,1763866,1992,4,2.83318878288521
1992-05,71.37,Indice des prix à la consommation - Base 2015 - Ensemble des ménages - France métropolitaine - Ensemble,FM,1763866,1992,5,2.838616714697406
1992-06,71.33,Indice des prix à la consommation - Base 2015 - Ensemble des ménages - France métropolitaine - Ensemble,FM,1763866,1992,6,2.5298260744573975
1992-07,71.29,Indice des prix à la consommation - Base 2015 - Ensemble des ménages - France métropolitaine - Ensemble,FM,1763866,1992,7,2.207885304659518
1992-08,71.25,Indice des prix à la consommation - Base 2015 - Ensemble des ménages - France métropolitaine - Ensemble,FM,1763866,1992,8,2.033509952742385
1992-09,71.46,Indice des prix à la consommation - Base 2015 - Ensemble des ménages - France métropolitaine - Ensemble,FM,1763866,1992,9,2.173291392622234
1992-10,71.65,Indice des prix à la consommation - Base 2015 - Ensemble des ménages - France métropolitaine - Ensemble,FM,1763866,1992,10,1.9203413940256153
1992-11,71.72,Indice des prix à la consommation - Base 2015 - Ensemble des ménages - France métropolitaine - Ensemble,FM,1763866,1992,11,1.6295876434745615
1992-12,71.68,Indice des prix à la consommation - Base 2015 - Ensemble des ménages - France métropolitaine - Ensemble,FM,1763866,1992,12,1.9050326983224286
1993-01,71.96,Indice des prix à la consommation - Base 2015 - Ensemble des ménages - France métropolitaine - Ensemble,FM,1763866,1993,1,2.128867442520588
1993-02,72.21,Indice des prix à la consommation - Base 2015 - Ensemble des ménages - France métropolitaine - Ensemble,FM,1763866,1993,2,2.049180327868827
1993-03,72.58,Indice des prix à la consommation - Base 2015 - Ensemble des ménages - France métropolitaine - Ensemble,FM,1763866,1993,3,2.23975207775744
1993-04,72.67,Indice des prix à la consommation - Base 2015 - Ensemble des ménages - France métropolitaine - Ensemble,FM,1763866,1993,4,2.150688782682031
1993-05,72.77,Indice des prix à la consommation - Base 2015 - Ensemble des ménages - France métropolitaine - Ensemble,FM,1763866,1993,5,1.961608518985547
1993-06,72.73,Indice des prix à la consommation - Base 2015 - Ensemble des ménages - France métropolitaine - Ensemble,FM,1763866,1993,6,1.962708537782154
1993-07,72.79,Indice des prix à la consommation - Base 2015 - Ensemble des ménages - France métropolitaine - Ensemble,FM,1763866,1993,7,2.1040819189227067
1993-08,72.79,Indice des prix à la consommation - Base 2015 - Ensemble des ménages - France métropolitaine - Ensemble,FM,1763866,1993,8,2.161403508771942
1993-09,73.02,Indice des prix à la consommation - Base 2015 - Ensemble des ménages - France métropolitaine - Ensemble,FM,1763866,1993,9,2.183039462636449
1993-10,73.16,Indice des prix à la consommation - Base 2015 - Ensemble des ménages - France métropolitaine - Ensemble,FM,1763866,1993,10,2.1074668527564455
1993-11,73.22,Indice des prix à la consommation - Base 2015 - Ensemble des ménages - France métropolitaine - Ensemble,FM,1763866,1993,11,2.091466815393206
1993-12,73.2,Indice des prix à la consommation - Base 2015 - Ensemble des ménages - France métropolitaine - Ensemble,FM,1763866,1993,12,2.1205357142856984
1994-01,73.29,Indice des prix à la consommation - Base 2015 - Ensemble des ménages - France métropolitaine - Ensemble,FM,1763866,1994,1,1.8482490272373697
1994-02,73.49,Indice des prix à la consommation - Base 2015 - Ensemble des ménages - France métropolitaine - Ensemble,FM,1763866,1994,2,1.772607672067572
1994-03,73.66,Indice des prix à la consommation - Base 2015 - Ensemble des ménages - France métropolitaine - Ensemble,FM,1763866,1994,3,1.488013226784246
1994-04,73.86,Indice des prix à la consommation - Base 2015 - Ensemble des ménages - France métropolitaine - Ensemble,FM,1763866,1994,4,1.637539562405399
1994-05,74.02,Indice des prix à la consommation - Base 2015 - Ensemble des ménages - France métropolitaine - Ensemble,FM,1763866,1994,5,1.7177408272639916
1994-06,74.0,Indice des prix à la consommation - Base 2015 - Ensemble des ménages - France métropolitaine - Ensemble,FM,1763866,1994,6,1.7461845180805735
1994-07,73.98,Indice des prix à la consommation - Base 2015 - Ensemble des ménages - France métropolitaine - Ensemble,FM,1763866,1994,7,1.6348399505426547
1994-08,73.97,Indice des prix à la consommation - Base 2015 - Ensemble des ménages - France métropolitaine - Ensemble,FM,1763866,1994,8,1.621101799697744
1994-09,74.2,Indice des prix à la consommation - Base 2015 - Ensemble des ménages - France métropolitaine - Ensemble,FM,1763866,1994,9,1.61599561763901
1994-10,74.36,Indice des prix à la consommation - Base 2015 - Ensemble des ménages - France métropolitaine - Ensemble,FM,1763866,1994,10,1.6402405686167354
1994-11,74.37,Indice des prix à la consommation - Base 2015 - Ensemble des ménages - France métropolitaine - Ensemble,FM,1763866,1994,11,1.570609123190403
1994-12,74.35,Indice des prix à la consommation - Base 2015 - Ensemble des ménages - France métropolitaine - Ensemble,FM,1763866,1994,12,1.571038251366108
1995-01,74.54,Indice des prix à la consommation - Base 2015 - Ensemble des ménages - France métropolitaine - Ensemble,FM,1763866,1995,1,1.7055532814845176
1995-02,74.77,Indice des prix à la consommation - Base 2015 - Ensemble des ménages - France métropolitaine - Ensemble,FM,1763866,1995,2,1.7417335691930935
1995-03,75.0,Indice des prix à la consommation - Base 2015 - Ensemble des ménages - France métropolitaine - Ensemble,FM,1763866,1995,3,1.8191691555796918
1995-04,75.09,Indice des prix à la consommation - Base 2015 - Ensemble des ménages - France métropolitaine - Ensemble,FM,1763866,1995,4,1.665312753858661
1995-05,75.2,Indice des prix à la consommation - Base 2015 - Ensemble des ménages - France métropolitaine - Ensemble,FM,1763866,1995,5,1.5941637395298747
1995-06,75.2,Indice des prix à la consommation - Base 2015 - Ensemble des ménages - France métropolitaine - Ensemble,FM,1763866,1995,6,1.6216216216216273
1995-07,75.07,Indice des prix à la consommation - Base 2015 - Ensemble des ménages - France métropolitaine - Ensemble,FM,1763866,1995,7,1.4733711814003625
1995-08,75.43,Indice des prix à la consommation - Base 2015 - Ensemble des ménages - France métropolitaine - Ensemble,FM,1763866,1995,8,1.973773151277558
1995-09,75.7,Indice des prix à la consommation - Base 2015 - Ensemble des ménages - France métropolitaine - Ensemble,FM,1763866,1995,9,2.021563342318067
1995-10,75.77,Indice des prix à la consommation - Base 2015 - Ensemble des ménages - France métropolitaine - Ensemble,FM,1763866,1995,10,1.8961807423345745
1995-11,75.84,Indice des prix à la consommation - Base 2015 - Ensemble des ménages - France métropolitaine - Ensemble,FM,1763866,1995,11,1.9766034691407919
1995-12,75.9,Indice des prix à la consommation - Base 2015 - Ensemble des ménages - France métropolitaine - Ensemble,FM,1763866,1995,12,2.08473436449228
1996-01,75.99,Indice des prix à la consommation - Base 2015 - Ensemble des ménages - France métropolitaine - Ensemble,FM,1763866,1996,1,1.9452642876307769
1996-02,76.28,Indice des prix à la consommation - Base 2015 - Ensemble des ménages - France métropolitaine - Ensemble,FM,1763866,1996,2,2.0195265480807967
1996-03,76.77,Indice des prix à la consommation - Base 2015 - Ensemble des ménages - France métropolitaine - Ensemble,FM,1763866,1996,3,2.3599999999999843
1996-04,76.87,Indice des prix à la consommation - Base 2015 - Ensemble des ménages - France métropolitaine - Ensemble,FM,1763866,1996,4,2.3704887468371405
1996-05,77.02,Indice des prix à la consommation - Base 2015 - Ensemble des ménages - France métropolitaine - Ensemble,FM,1763866,1996,5,2.42021276595743
1996-06,76.93,Indice des prix à la consommation - Base 2015 - Ensemble des ménages - France métropolitaine - Ensemble,FM,1763866,1996,6,2.300531914893633
1996-07,76.79,Indice des prix à la consommation - Base 2015 - Ensemble des ménages - France métropolitaine - Ensemble,FM,1763866,1996,7,2.291194884774228
1996-08,76.64,Indice des prix à la consommation - Base 2015 - Ensemble des ménages - France métropolitaine - Ensemble,FM,1763866,1996,8,1.6041362852976082
1996-09,76.88,Indice des prix à la consommation - Base 2015 - Ensemble des ménages - France métropolitaine - Ensemble,FM,1763866,1996,9,1.5587846763540192
1996-10,77.07,Indice des prix à la consommation - Base 2015 - Ensemble des ménages - France métropolitaine - Ensemble,FM,1763866,1996,10,1.7157186221459675
1996-11,77.0,Indice des prix à la consommation - Base 2015 - Ensemble des ménages - France métropolitaine - Ensemble,FM,1763866,1996,11,1.5295358649789037
1996-12,77.16,Indice des prix à la consommation - Base 2015 - Ensemble des ménages - France métropolitaine - Ensemble,FM,1763866,1996,12,1.6600790513833896
1997-01,77.34,Indice des prix à la consommation - Base 2015 - Ensemble des ménages - France métropolitaine - Ensemble,FM,1763866,1997,1,1.7765495459929115
1997-02,77.49,Indice des prix à la consommation - Base 2015 - Ensemble des ménages - France métropolitaine - Ensemble,FM,1763866,1997,2,1.5862611431567863
1997-03,77.56,Indice des prix à la consommation - Base 2015 - Ensemble des ménages - France métropolitaine - Ensemble,FM,1763866,1997,3,1.0290478051322216
1997-04,77.58,Indice des prix à la consommation - Base 2015 - Ensemble des ménages - France métropolitaine - Ensemble,FM,1763866,1997,4,0.9236373097437189
1997-05,77.69,Indice des prix à la consommation - Base 2015 - Ensemble des ménages - France métropolitaine - Ensemble,FM,1763866,1997,5,0.8699039210594783
1997-06,77.68,Indice des prix à la consommation - Base 2015 - Ensemble des ménages - France métropolitaine - Ensemble,FM,1763866,1997,6,0.9749122578967873
1997-07,77.57,Indice des prix à la consommation - Base 2015 - Ensemble des ménages - France métropolitaine - Ensemble,FM,1763866,1997,7,1.0157572600598908
1997-08,77.77,Indice des prix à la consommation - Base 2015 - Ensemble des ménages - France métropolitaine - Ensemble,FM,1763866,1997,8,1.4744258872651406
1997-09,77.91,Indice des prix à la consommation - Base 2015 - Ensemble des ménages - France métropolitaine - Ensemble,FM,1763866,1997,9,1.3397502601456779
1997-10,77.88,Indice des prix à la consommation - Base 2015 - Ensemble des ménages - France métropolitaine - Ensemble,FM,1763866,1997,10,1.050992604126133
1997-11,78.01,Indice des prix à la consommation - Base 2015 - Ensemble des ménages - France métropolitaine - Ensemble,FM,1763866,1997,11,1.3116883116883082
1997-12,78.04,Indice des prix à la consommation - Base 2015 - Ensemble des ménages - France métropolitaine - Ensemble,FM,1763866,1997,12,1.140487299118731
1998-01,77.79,Indice des prix à la consommation - Base 2015 - Ensemble des ménages - France métropolitaine - Ensemble,FM,1763866,1998,1,0.5818463925523654
1998-02,78.09,Indice des prix à la consommation - Base 2015 - Ensemble des ménages - France métropolitaine - Ensemble,FM,1763866,1998,2,0.7742934572202875
1998-03,78.22,Indice des prix à la consommation - Base 2015 - Ensemble des ménages - France métropolitaine - Ensemble,FM,1763866,1998,3,0.8509541000515597
1998-04,78.37,Indice des prix à la consommation - Base 2015 - Ensemble des ménages - France métropolitaine - Ensemble,FM,1763866,1998,4,1.0183036865171413
1998-05,78.4,Indice des prix à la consommation - Base 2015 - Ensemble des ménages - France métropolitaine - Ensemble,FM,1763866,1998,5,0.9138885313425327
1998-06,78.46,Indice des prix à la consommation - Base 2015 - Ensemble des ménages - France métropolitaine - Ensemble,FM,1763866,1998,6,1.0041194644696105
1998-07,78.2,Indice des prix à la consommation - Base 2015 - Ensemble des ménages - France métropolitaine - Ensemble,FM,1763866,1998,7,0.8121696532164657
1998-08,78.24,Indice des prix à la consommation - Base 2015 - Ensemble des ménages - France métropolitaine - Ensemble,FM,1763866,1998,8,0.6043461489005919
1998-09,78.22,Indice des prix à la consommation - Base 2015 - Ensemble des ménages - France métropolitaine - Ensemble,FM,1763866,1998,9,0.3978950070594234
1998-10,78.17,Indice des prix à la consommation - Base 2015 - Ensemble des ménages - France métropolitaine - Ensemble,FM,1763866,1998,10,0.37236774524911365
1998-11,78.12,Indice des prix à la consommation - Base 2015 - Ensemble des ménages - France métropolitaine - Ensemble,FM,1763866,1998,11,0.14100756313293328
1998-12,78.21,Indice des prix à la consommation - Base 2015 - Ensemble des ménages - France métropolitaine - Ensemble,FM,1763866,1998,12,0.21783700666322403
1999-01,77.98,Indice des prix à la consommation - Base 2015 - Ensemble des ménages - France métropolitaine - Ensemble,FM,1763866,1999,1,0.2442473325620309
1999-02,78.23,Indice des prix à la consommation - Base 2015 - Ensemble des ménages - France métropolitaine - Ensemble,FM,1763866,1999,2,0.17928031758227547
1999-03,78.49,Indice des prix à la consommation - Base 2015 - Ensemble des ménages - France métropolitaine - Ensemble,FM,1763866,1999,3,0.3451802608028576
1999-04,78.71,Indice des prix à la consommation - Base 2015 - Ensemble des ménages - France métropolitaine - Ensemble,FM,1763866,1999,4,0.433839479392617
1999-05,78.72,Indice des prix à la consommation - Base 2015 - Ensemble des ménages - France métropolitaine - Ensemble,FM,1763866,1999,5,0.40816326530610514
1999-06,78.71,Indice des prix à la consommation - Base 2015 - Ensemble des ménages - France métropolitaine - Ensemble,FM,1763866,1999,6,0.31863369869997715
1999-07,78.5,Indice des prix à la consommation - Base 2015 - Ensemble des ménages - France métropolitaine - Ensemble,FM,1763866,1999,7,0.38363171355497716
1999-08,78.63,Indice des prix à la consommation - Base 2015 - Ensemble des ménages - France métropolitaine - Ensemble,FM,1763866,1999,8,0.4984662576687171
1999-09,78.76,Indice des prix à la consommation - Base 2015 - Ensemble des ménages - France métropolitaine - Ensemble,FM,1763866,1999,9,0.6903605216057374
1999-10,78.82,Indice des prix à la consommation - Base 2015 - Ensemble des ménages - France métropolitaine - Ensemble,FM,1763866,1999,10,0.8315210438787135
1999-11,78.85,Indice des prix à la consommation - Base 2015 - Ensemble des ménages - France métropolitaine - Ensemble,FM,1763866,1999,11,0.9344598054275233
1999-12,79.19,Indice des prix à la consommation - Base 2015 - Ensemble des ménages - France métropolitaine - Ensemble,FM,1763866,1999,12,1.253036696074683
2000-01,79.19,Indice des prix à la consommation - Base 2015 - Ensemble des ménages - France métropolitaine - Ensemble,FM,1763866,2000,1,1.551679917927662
2000-02,79.29,Indice des prix à la consommation - Base 2015 - Ensemble des ménages - France métropolitaine - Ensemble,FM,1763866,2000,2,1.354978908347193
2000-03,79.66,Indice des prix à la consommation - Base 2015 - Ensemble des ménages - France métropolitaine - Ensemble,FM,1763866,2000,3,1.4906357497770362
2000-04,79.66,Indice des prix à la consommation - Base 2015 - Ensemble des ménages - France métropolitaine - Ensemble,FM,1763866,2000,4,1.206962266548084
2000-05,79.83,Indice des prix à la consommation - Base 2015 - Ensemble des ménages - France métropolitaine - Ensemble,FM,1763866,2000,5,1.4100609756097615
2000-06,80.03,Indice des prix à la consommation - Base 2015 - Ensemble des ménages - France métropolitaine - Ensemble,FM,1763866,2000,6,1.6770423072036689
2000-07,79.89,Indice des prix à la consommation - Base 2015 - Ensemble des ménages - France métropolitaine - Ensemble,FM,1763866,2000,7,1.770700636942668
2000-08,80.04,Indice des prix à la consommation - Base 2015 - Ensemble des ménages - France métropolitaine - Ensemble,FM,1763866,2000,8,1.7932086989698837
2000-09,80.45,Indice des prix à la consommation - Base 2015 - Ensemble des ménages - France métropolitaine - Ensemble,FM,1763866,2000,9,2.1457592686642935
2000-10,80.36,Indice des prix à la consommation - Base 2015 - Ensemble des ménages - France métropolitaine - Ensemble,FM,1763866,2000,10,1.9538188277087087
2000-11,80.54,Indice des prix à la consommation - Base 2015 - Ensemble des ménages - France métropolitaine - Ensemble,FM,1763866,2000,11,2.1433100824350237
2000-12,80.5,Indice des prix à la consommation - Base 2015 - Ensemble des ménages - France métropolitaine - Ensemble,FM,1763866,2000,12,1.6542492738982117
2001-01,80.15,Indice des prix à la consommation - Base 2015 - Ensemble des ménages - France métropolitaine - Ensemble,FM,1763866,2001,1,1.212274277055192
2001-02,80.37,Indice des prix à la consommation - Base 2015 - Ensemble des ménages - France métropolitaine - Ensemble,FM,1763866,2001,2,1.362088535754813
2001-03,80.73,Indice des prix à la consommation - Base 2015 - Ensemble des ménages - France métropolitaine - Ensemble,FM,1763866,2001,3,1.3432086367060059
2001-04,81.12,Indice des prix à la consommation - Base 2015 - Ensemble des ménages - France métropolitaine - Ensemble,FM,1763866,2001,4,1.8327893547577245
2001-05,81.63,Indice des prix à la consommation - Base 2015 - Ensemble des ménages - France métropolitaine - Ensemble,FM,1763866,2001,5,2.2547914317925466
2001-06,81.68,Indice des prix à la consommation - Base 2015 - Ensemble des ménages - France métropolitaine - Ensemble,FM,1763866,2001,6,2.0617268524303567
2001-07,81.5,Indice des prix à la consommation - Base 2015 - Ensemble des ménages - France métropolitaine - Ensemble,FM,1763866,2001,7,2.015270997621732
2001-08,81.5,Indice des prix à la consommation - Base 2015 - Ensemble des ménages - France métropolitaine - Ensemble,FM,1763866,2001,8,1.8240879560219803
2001-09,81.65,Indice des prix à la consommation - Base 2015 - Ensemble des ménages - France métropolitaine - Ensemble,FM,1763866,2001,9,1.4916096954630254
2001-10,81.71,Indice des prix à la consommation - Base 2015 - Ensemble des ménages - France métropolitaine - Ensemble,FM,1763866,2001,10,1.6799402687904363
2001-11,81.48,Indice des prix à la consommation - Base 2015 - Ensemble des ménages - France métropolitaine - Ensemble,FM,1763866,2001,11,1.167121926992798
2001-12,81.57,Indice des prix à la consommation - Base 2015 - Ensemble des ménages - France métropolitaine - Ensemble,FM,1763866,2001,12,1.329192546583835
2002-01,81.96,Indice des prix à la consommation - Base 2015 - Ensemble des ménages - France métropolitaine - Ensemble,FM,1763866,2002,1,2.258265751715527
2002-02,82.05,Indice des prix à la consommation - Base 2015 - Ensemble des ménages - France métropolitaine - Ensemble,FM,1763866,2002,2,2.0903322135124913
2002-03,82.4,Indice des prix à la consommation - Base 2015 - Ensemble des ménages - France métropolitaine - Ensemble,FM,1763866,2002,3,2.068623807754255
2002-04,82.73,Indice des prix à la consommation - Base 2015 - Ensemble des ménages - France métropolitaine - Ensemble,FM,1763866,2002,4,1.9847140039447764
2002-05,82.83,Indice des prix à la consommation - Base 2015 - Ensemble des ménages - France métropolitaine - Ensemble,FM,1763866,2002,5,1.470047776552752
2002-06,82.82,Indice des prix à la consommation - Base 2015 - Ensemble des ménages - France métropolitaine - Ensemble,FM,1763866,2002,6,1.3956904995102715
2002-07,82.81,Indice des prix à la consommation - Base 2015 - Ensemble des ménages - France métropolitaine - Ensemble,FM,1763866,2002,7,1.6073619631901792
2002-08,83.0,Indice des prix à la consommation - Base 2015 - Ensemble des ménages - France métropolitaine - Ensemble,FM,1763866,2002,8,1.8404907975460016
2002-09,83.16,Indice des prix à la consommation - Base 2015 - Ensemble des ménages - France métropolitaine - Ensemble,FM,1763866,2002,9,1.8493570116350222
2002-10,83.29,Indice des prix à la consommation - Base 2015 - Ensemble des ménages - France métropolitaine - Ensemble,FM,1763866,2002,10,1.933667849712406
2002-11,83.29,Indice des prix à la consommation - Base 2015 - Ensemble des ménages - France métropolitaine - Ensemble,FM,1763866,2002,11,2.221404025527729
2002-12,83.42,Indice des prix à la consommation - Base 2015 - Ensemble des ménages - France métropolitaine - Ensemble,FM,1763866,2002,12,2.267990682849108
2003-01,83.59,Indice des prix à la consommation - Base 2015 - Ensemble des ménages - France métropolitaine - Ensemble,FM,1763866,2003,1,1.9887750122010939
2003-02,84.18,Indice des prix à la consommation - Base 2015 - Ensemble des ménages - France métropolitaine - Ensemble,FM,1763866,2003,2,2.5959780621572337
2003-03,84.51,Indice des prix à la consommation - Base 2015 - Ensemble des ménages - France métropolitaine - Ensemble,FM,1763866,2003,3,2.5606796116504738
2003-04,84.38,Indice des prix à la consommation - Base 2015 - Ensemble des ménages - France métropolitaine - Ensemble,FM,1763866,2003,4,1.9944397437446915
2003-05,84.28,Indice des prix à la consommation - Base 2015 - Ensemble des ménages - France métropolitaine - Ensemble,FM,1763866,2003,5,1.7505734637208725
2003-06,84.44,Indice des prix à la consommation - Base 2015 - Ensemble des ménages - France métropolitaine - Ensemble,FM,1763866,2003,6,1.9560492634629334
2003-07,84.35,Indice des prix à la consommation - Base 2015 - Ensemble des ménages - France métropolitaine - Ensemble,FM,1763866,2003,7,1.8596787827557026
2003-08,84.56,Indice des prix à la consommation - Base 2015 - Ensemble des ménages - France métropolitaine - Ensemble,FM,1763866,2003,8,1.8795180722891658
2003-09,84.89,Indice des prix à la consommation - Base 2015 - Ensemble des ménages - France métropolitaine - Ensemble,FM,1763866,2003,9,2.0803270803270824
2003-10,85.07,Indice des prix à la consommation - Base 2015 - Ensemble des ménages - France métropolitaine - Ensemble,FM,1763866,2003,10,2.137111297874883
2003-11,85.17,Indice des prix à la consommation - Base 2015 - Ensemble des ménages - France métropolitaine - Ensemble,FM,1763866,2003,11,2.2571737303397787
2003-12,85.26,Indice des prix à la consommation - Base 2015 - Ensemble des ménages - France métropolitaine - Ensemble,FM,1763866,2003,12,2.2057060656916816
2004-01,85.25,Indice des prix à la consommation - Base 2015 - Ensemble des ménages - France métropolitaine - Ensemble,FM,1763866,2004,1,1.98588347888502
2004-02,85.62,Indice des prix à la consommation - Base 2015 - Ensemble des ménages - France métropolitaine - Ensemble,FM,1763866,2004,2,1.7106200997861754
2004-03,85.96,Indice des prix à la consommation - Base 2015 - Ensemble des ménages - France métropolitaine - Ensemble,FM,1763866,2004,3,1.7157732812684845
2004-04,86.19,Indice des prix à la consommation - Base 2015 - Ensemble des ménages - France métropolitaine - Ensemble,FM,1763866,2004,4,2.145058070632855
2004-05,86.5,Indice des prix à la consommation - Base 2015 - Ensemble des ménages - France métropolitaine - Ensemble,FM,1763866,2004,5,2.6340768865685815
2004-06,86.54,Indice des prix à la consommation - Base 2015 - Ensemble des ménages - France métropolitaine - Ensemble,FM,1763866,2004,6,2.4869729985788736
2004-07,86.39,Indice des prix à la consommation - Base 2015 - Ensemble des ménages - France métropolitaine - Ensemble,FM,1763866,2004,7,2.418494368701851
2004-08,86.57,Indice des prix à la consommation - Base 2015 - Ensemble des ménages - France métropolitaine - Ensemble,FM,1763866,2004,8,2.3770104068117304
2004-09,86.65,Indice des prix à la consommation - Base 2015 - Ensemble des ménages - France métropolitaine - Ensemble,FM,1763866,2004,9,2.073271292260581
2004-10,86.88,Indice des prix à la consommation - Base 2015 - Ensemble des ménages - France métropolitaine - Ensemble,FM,1763866,2004,10,2.127659574468077
2004-11,86.93,Indice des prix à la consommation - Base 2015 - Ensemble des ménages - France métropolitaine - Ensemble,FM,1763866,2004,11,2.0664553246448447
2004-12,87.02,Indice des prix à la consommation - Base 2015 - Ensemble des ménages - France métropolitaine - Ensemble,FM,1763866,2004,12,2.064273985456233
2005-01,86.53,Indice des prix à la consommation - Base 2015 - Ensemble des ménages - France métropolitaine - Ensemble,FM,1763866,2005,1,1.5014662756598351
2005-02,87.07,Indice des prix à la consommation - Base 2015 - Ensemble des ménages - France métropolitaine - Ensemble,FM,1763866,2005,2,1.693529549170747
2005-03,87.63,Indice des prix à la consommation - Base 2015 - Ensemble des ménages - France métropolitaine - Ensemble,FM,1763866,2005,3,1.9427640763145737
2005-04,87.79,Indice des prix à la consommation - Base 2015 - Ensemble des ménages - France métropolitaine - Ensemble,FM,1763866,2005,4,1.8563638473140909
2005-05,87.85,Indice des prix à la consommation - Base 2015 - Ensemble des ménages - France métropolitaine - Ensemble,FM,1763866,2005,5,1.5606936416184825
2005-06,87.95,Indice des prix à la consommation - Base 2015 - Ensemble des ménages - France métropolitaine - Ensemble,FM,1763866,2005,6,1.6293043679223462
2005-07,87.82,Indice des prix à la consommation - Base 2015 - Ensemble des ménages - France métropolitaine - Ensemble,FM,1763866,2005,7,1.6552841764092996
2005-08,88.16,Indice des prix à la consommation - Base 2015 - Ensemble des ménages - France métropolitaine - Ensemble,FM,1763866,2005,8,1.83666397135267
2005-09,88.5,Indice des prix à la consommation - Base 2015 - Ensemble des ménages - France métropolitaine - Ensemble,FM,1763866,2005,9,2.1350259665320115
2005-10,88.49,Indice des prix à la consommation - Base 2015 - Ensemble des ménages - France métropolitaine - Ensemble,FM,1763866,2005,10,1.8531307550644582
2005-11,88.3,Indice des prix à la consommation - Base 2015 - Ensemble des ménages - France métropolitaine - Ensemble,FM,1763866,2005,11,1.5759806741055815
2005-12,88.4,Indice des prix à la consommation - Base 2015 - Ensemble des ménages - France métropolitaine - Ensemble,FM,1763866,2005,12,1.5858423350953998
2006-01,88.32,Indice des prix à la consommation - Base 2015 - Ensemble des ménages - France métropolitaine - Ensemble,FM,1763866,2006,1,2.0686467121229457
2006-02,88.65,Indice des prix à la consommation - Base 2015 - Ensemble des ménages - France métropolitaine - Ensemble,FM,1763866,2006,2,1.8146319053635063
2006-03,88.91,Indice des prix à la consommation - Base 2015 - Ensemble des ménages - France métropolitaine - Ensemble,FM,1763866,2006,3,1.4606869793449828
2006-04,89.28,Indice des prix à la consommation - Base 2015 - Ensemble des ménages - France métropolitaine - Ensemble,FM,1763866,2006,4,1.6972320309830202
2006-05,89.67,Indice des prix à la consommation - Base 2015 - Ensemble des ménages - France métropolitaine - Ensemble,FM,1763866,2006,5,2.07171314741037
2006-06,89.66,Indice des prix à la consommation - Base 2015 - Ensemble des ménages - France métropolitaine - Ensemble,FM,1763866,2006,6,1.944286526435457
2006-07,89.51,Indice des prix à la consommation - Base 2015 - Ensemble des ménages - France métropolitaine - Ensemble,FM,1763866,2006,7,1.9243907993623521
2006-08,89.81,Indice des prix à la consommation - Base 2015 - Ensemble des ménages - France métropolitaine - Ensemble,FM,1763866,2006,8,1.8715970961887596
2006-09,89.61,Indice des prix à la consommation - Base 2015 - Ensemble des ménages - France métropolitaine - Ensemble,FM,1763866,2006,9,1.2542372881355845
2006-10,89.41,Indice des prix à la consommation - Base 2015 - Ensemble des ménages - France métropolitaine - Ensemble,FM,1763866,2006,10,1.0396654989264453
2006-11,89.51,Indice des prix à la consommation - Base 2015 - Ensemble des ménages - France métropolitaine - Ensemble,FM,1763866,2006,11,1.3703284258210768
2006-12,89.71,Indice des prix à la consommation - Base 2015 - Ensemble des ménages - France métropolitaine - Ensemble,FM,1763866,2006,12,1.4819004524886825
2007-01,89.39,Indice des prix à la consommation - Base 2015 - Ensemble des ménages - France métropolitaine - Ensemble,FM,1763866,2007,1,1.2115036231884035
2007-02,89.57,Indice des prix à la consommation - Base 2015 - Ensemble des ménages - France métropolitaine - Ensemble,FM,1763866,2007,2,1.0377890580936189
2007-03,89.96,Indice des prix à la consommation - Base 2015 - Ensemble des ménages - France métropolitaine - Ensemble,FM,1763866,2007,3,1.1809695197390502
2007-04,90.39,Indice des prix à la consommation - Base 2015 - Ensemble des ménages - France métropolitaine - Ensemble,FM,1763866,2007,4,1.2432795698924748
2007-05,90.62,Indice des prix à la consommation - Base 2015 - Ensemble des ménages - France métropolitaine - Ensemble,FM,1763866,2007,5,1.0594401695104283
2007-06,90.74,Indice des prix à la consommation - Base 2015 - Ensemble des ménages - France métropolitaine - Ensemble,FM,1763866,2007,6,1.2045505242025412
2007-07,90.5,Indice des prix à la consommation - Base 2015 - Ensemble des ménages - France métropolitaine - Ensemble,FM,1763866,2007,7,1.1060216735560235
2007-08,90.87,Indice des prix à la consommation - Base 2015 - Ensemble des ménages - France métropolitaine - Ensemble,FM,1763866,2007,8,1.1802694577441208
2007-09,90.96,Indice des prix à la consommation - Base 2015 - Ensemble des ménages - France métropolitaine - Ensemble,FM,1763866,2007,9,1.506528289253417
2007-10,91.19,Indice des prix à la consommation - Base 2015 - Ensemble des ménages - France métropolitaine - Ensemble,FM,1763866,2007,10,1.9908287663572333
2007-11,91.7,Indice des prix à la consommation - Base 2015 - Ensemble des ménages - France métropolitaine - Ensemble,FM,1763866,2007,11,2.4466540051390817
2007-12,92.04,Indice des prix à la consommation - Base 2015 - Ensemble des ménages - France métropolitaine - Ensemble,FM,1763866,2007,12,2.5972578307881022
2008-01,91.93,Indice des prix à la consommation - Base 2015 - Ensemble des ménages - France métropolitaine - Ensemble,FM,1763866,2008,1,2.841481150016789
2008-02,92.12,Indice des prix à la consommation - Base 2015 - Ensemble des ménages - France métropolitaine - Ensemble,FM,1763866,2008,2,2.8469353578207013
2008-03,92.82,Indice des prix à la consommation - Base 2015 - Ensemble des ménages - France métropolitaine - Ensemble,FM,1763866,2008,3,3.1791907514450823
2008-04,93.14,Indice des prix à la consommation - Base 2015 - Ensemble des ménages - France métropolitaine - Ensemble,FM,1763866,2008,4,3.0423719437990826
2008-05,93.64,Indice des prix à la consommation - Base 2015 - Ensemble des ménages - France métropolitaine - Ensemble,FM,1763866,2008,5,3.3325976605605767
2008-06,93.99,Indice des prix à la consommation - Base 2015 - Ensemble des ménages - France métropolitaine - Ensemble,FM,1763866,2008,6,3.5816618911174825
2008-07,93.77,Indice des prix à la consommation - Base 2015 - Ensemble des ménages - France métropolitaine - Ensemble,FM,1763866,2008,7,3.613259668508273
2008-08,93.73,Indice des prix à la consommation - Base 2015 - Ensemble des ménages - France métropolitaine - Ensemble,FM,1763866,2008,8,3.147353361945626
2008-09,93.67,Indice des prix à la consommation - Base 2015 - Ensemble des ménages - France métropolitaine - Ensemble,FM,1763866,2008,9,2.9793315743184
2008-10,93.62,Indice des prix à la consommation - Base 2015 - Ensemble des ménages - France métropolitaine - Ensemble,FM,1763866,2008,10,2.664765873451036
2008-11,93.17,Indice des prix à la consommation - Base 2015 - Ensemble des ménages - France métropolitaine - Ensemble,FM,1763866,2008,11,1.6030534351145098
2008-12,92.95,Indice des prix à la consommation - Base 2015 - Ensemble des ménages - France métropolitaine - Ensemble,FM,1763866,2008,12,0.9887005649717562
2009-01,92.56,Indice des prix à la consommation - Base 2015 - Ensemble des ménages - France métropolitaine - Ensemble,FM,1763866,2009,1,0.6853040356793239
2009-02,92.92,Indice des prix à la consommation - Base 2015 - Ensemble des ménages - France métropolitaine - Ensemble,FM,1763866,2009,2,0.8684324793747145
2009-03,93.1,Indice des prix à la consommation - Base 2015 - Ensemble des ménages - France métropolitaine - Ensemble,FM,1763866,2009,3,0.3016591251885359
2009-04,93.24,Indice des prix à la consommation - Base 2015 - Ensemble des ménages - France métropolitaine - Ensemble,FM,1763866,2009,4,0.10736525660295371
2009-05,93.39,Indice des prix à la consommation - Base 2015 - Ensemble des ménages - France métropolitaine - Ensemble,FM,1763866,2009,5,-0.26697992310977803
2009-06,93.51,Indice des prix à la consommation - Base 2015 - Ensemble des ménages - France métropolitaine - Ensemble,FM,1763866,2009,6,-0.5106926268751866
2009-07,93.09,Indice des prix à la consommation - Base 2015 - Ensemble des ménages - France métropolitaine - Ensemble,FM,1763866,2009,7,-0.725178628559231
2009-08,93.57,Indice des prix à la consommation - Base 2015 - Ensemble des ménages - France métropolitaine - Ensemble,FM,1763866,2009,8,-0.17070308332445272
2009-09,93.34,Indice des prix à la consommation - Base 2015 - Ensemble des ménages - France métropolitaine - Ensemble,FM,1763866,2009,9,-0.35230062987081645
2009-10,93.43,Indice des prix à la consommation - Base 2015 - Ensemble des ménages - France métropolitaine - Ensemble,FM,1763866,2009,10,-0.20294808801537556
2009-11,93.55,Indice des prix à la consommation - Base 2015 - Ensemble des ménages - France métropolitaine - Ensemble,FM,1763866,2009,11,0.4078566062037048
2009-12,93.8,Indice des prix à la consommation - Base 2015 - Ensemble des ménages - France métropolitaine - Ensemble,FM,1763866,2009,12,0.9144701452393766
2010-01,93.55,Indice des prix à la consommation - Base 2015 - Ensemble des ménages - France métropolitaine - Ensemble,FM,1763866,2010,1,1.0695764909248062
2010-02,94.11,Indice des prix à la consommation - Base 2015 - Ensemble des ménages - France métropolitaine - Ensemble,FM,1763866,2010,2,1.2806715454154016
2010-03,94.58,Indice des prix à la consommation - Base 2015 - Ensemble des ménages - France métropolitaine - Ensemble,FM,1763866,2010,3,1.5896885069817346
2010-04,94.83,Indice des prix à la consommation - Base 2015 - Ensemble des ménages - France métropolitaine - Ensemble,FM,1763866,2010,4,1.7052767052767148
2010-05,94.93,Indice des prix à la consommation - Base 2015 - Ensemble des ménages - France métropolitaine - Ensemble,FM,1763866,2010,5,1.6489988221437102
2010-06,94.92,Indice des prix à la consommation - Base 2015 - Ensemble des ménages - France métropolitaine - Ensemble,FM,1763866,2010,6,1.5078601219120857
2010-07,94.63,Indice des prix à la consommation - Base 2015 - Ensemble des ménages - France métropolitaine - Ensemble,FM,1763866,2010,7,1.6543130304006892
2010-08,94.85,Indice des prix à la consommation - Base 2015 - Ensemble des ménages - France métropolitaine - Ensemble,FM,1763866,2010,8,1.3679598161804085
2010-09,94.78,Indice des prix à la consommation - Base 2015 - Ensemble des ménages - France métropolitaine - Ensemble,FM,1763866,2010,9,1.542746946646667
2010-10,94.91,Indice des prix à la consommation - Base 2015 - Ensemble des ménages - France métropolitaine - Ensemble,FM,1763866,2010,10,1.5840736380177578
2010-11,95.03,Indice des prix à la consommation - Base 2015 - Ensemble des ménages - France métropolitaine - Ensemble,FM,1763866,2010,11,1.5820416889364086
2010-12,95.44,Indice des prix à la consommation - Base 2015 - Ensemble des ménages - France métropolitaine - Ensemble,FM,1763866,2010,12,1.7484008528784623
2011-01,95.2,Indice des prix à la consommation - Base 2015 - Ensemble des ménages - France métropolitaine - Ensemble,FM,1763866,2011,1,1.7637626937466733
2011-02,95.65,Indice des prix à la consommation - Base 2015 - Ensemble des ménages - France métropolitaine - Ensemble,FM,1763866,2011,2,1.63638295611519
2011-03,96.45,Indice des prix à la consommation - Base 2015 - Ensemble des ménages - France métropolitaine - Ensemble,FM,1763866,2011,3,1.9771621907380021
2011-04,96.77,Indice des prix à la consommation - Base 2015 - Ensemble des ménages - France métropolitaine - Ensemble,FM,1763866,2011,4,2.045766107771807
2011-05,96.83,Indice des prix à la consommation - Base 2015 - Ensemble des ménages - France métropolitaine - Ensemble,FM,1763866,2011,5,2.001474770883793
2011-06,96.91,Indice des prix à la consommation - Base 2015 - Ensemble des ménages - France métropolitaine - Ensemble,FM,1763866,2011,6,2.0965023177412556
2011-07,96.46,Indice des prix à la consommation - Base 2015 - Ensemble des ménages - France métropolitaine - Ensemble,FM,1763866,2011,7,1.9338476170347674
2011-08,96.97,Indice des prix à la consommation - Base 2015 - Ensemble des ménages - France métropolitaine - Ensemble,FM,1763866,2011,8,2.2351080653663757
2011-09,96.9,Indice des prix à la consommation - Base 2015 - Ensemble des ménages - France métropolitaine - Ensemble,FM,1763866,2011,9,2.2367588098755053
2011-10,97.14,Indice des prix à la consommation - Base 2015 - Ensemble des ménages - France métropolitaine - Ensemble,FM,1763866,2011,10,2.349594352544515
2011-11,97.41,Indice des prix à la consommation - Base 2015 - Ensemble des ménages - France métropolitaine - Ensemble,FM,1763866,2011,11,2.5044722719141266
2011-12,97.8,Indice des prix à la consommation - Base 2015 - Ensemble des ménages - France métropolitaine - Ensemble,FM,1763866,2011,12,2.472757753562438
2012-01,97.45,Indice des prix à la consommation - Base 2015 - Ensemble des ménages - France métropolitaine - Ensemble,FM,1763866,2012,1,2.363445378151252
2012-02,97.86,Indice des prix à la consommation - Base 2015 - Ensemble des ménages - France métropolitaine - Ensemble,FM,1763866,2012,2,2.31050705697855
2012-03,98.69,Indice des prix à la consommation - Base 2015 - Ensemble des ménages - France métropolitaine - Ensemble,FM,1763866,2012,3,2.3224468636599216
2012-04,98.81,Indice des prix à la consommation - Base 2015 - Ensemble des ménages - France métropolitaine - Ensemble,FM,1763866,2012,4,2.1080913506251964
2012-05,98.76,Indice des prix à la consommation - Base 2015 - Ensemble des ménages - France métropolitaine - Ensemble,FM,1763866,2012,5,1.9931839306000176
2012-06,98.79,Indice des prix à la consommation - Base 2015 - Ensemble des ménages - France métropolitaine - Ensemble,FM,1763866,2012,6,1.9399442781962817
2012-07,98.34,Indice des prix à la consommation - Base 2015 - Ensemble des ménages - France métropolitaine - Ensemble,FM,1763866,2012,7,1.9489944018246108
2012-08,99.01,Indice des prix à la consommation - Base 2015 - Ensemble des ménages - France métropolitaine - Ensemble,FM,1763866,2012,8,2.103743425801796
2012-09,98.77,Indice des prix à la consommation - Base 2015 - Ensemble des ménages - France métropolitaine - Ensemble,FM,1763866,2012,9,1.9298245614034926
2012-10,98.95,Indice des prix à la consommation - Base 2015 - Ensemble des ménages - France métropolitaine - Ensemble,FM,1763866,2012,10,1.8632900967675559
2012-11,98.79,Indice des prix à la consommation - Base 2015 - Ensemble des ménages - France métropolitaine - Ensemble,FM,1763866,2012,11,1.4166923313828184
2012-12,99.1,Indice des prix à la consommation - Base 2015 - Ensemble des ménages - France métropolitaine - Ensemble,FM,1763866,2012,12,1.3292433537832382
2013-01,98.58,Indice des prix à la consommation - Base 2015 - Ensemble des ménages - France métropolitaine - Ensemble,FM,1763866,2013,1,1.1595690097485845
2013-02,98.87,Indice des prix à la consommation - Base 2015 - Ensemble des ménages - France métropolitaine - Ensemble,FM,1763866,2013,2,1.0320866544042628
2013-03,99.63,Indice des prix à la consommation - Base 2015 - Ensemble des ménages - France métropolitaine - Ensemble,FM,1763866,2013,3,0.9524774546559867
2013-04,99.48,Indice des prix à la consommation - Base 2015 - Ensemble des ménages - France métropolitaine - Ensemble,FM,1763866,2013,4,0.6780690213541218
2013-05,99.54,Indice des prix à la consommation - Base 2015 - Ensemble des ménages - France métropolitaine - Ensemble,FM,1763866,2013,5,0.7897934386391192
2013-06,99.7,Indice des prix à la consommation - Base 2015 - Ensemble des ménages - France métropolitaine - Ensemble,FM,1763866,2013,6,0.9211458649660775
2013-07,99.39,Indice des prix à la consommation - Base 2015 - Ensemble des ménages - France métropolitaine - Ensemble,FM,1763866,2013,7,1.06772422208663
2013-08,99.85,Indice des prix à la consommation - Base 2015 - Ensemble des ménages - France métropolitaine - Ensemble,FM,1763866,2013,8,0.8483991516008427
2013-09,99.63,Indice des prix à la consommation - Base 2015 - Ensemble des ménages - France métropolitaine - Ensemble,FM,1763866,2013,9,0.870709729675001
2013-10,99.51,Indice des prix à la consommation - Base 2015 - Ensemble des ménages - France métropolitaine - Ensemble,FM,1763866,2013,10,0.5659423951490661
2013-11,99.46,Indice des prix à la consommation - Base 2015 - Ensemble des ménages - France métropolitaine - Ensemble,FM,1763866,2013,11,0.6782062961838031
2013-12,99.8,Indice des prix à la consommation - Base 2015 - Ensemble des ménages - France métropolitaine - Ensemble,FM,1763866,2013,12,0.7063572149344166
2014-01,99.22,Indice des prix à la consommation - Base 2015 - Ensemble des ménages - France métropolitaine - Ensemble,FM,1763866,2014,1,0.649218908500715
2014-02,99.79,Indice des prix à la consommation - Base 2015 - Ensemble des ménages - France métropolitaine - Ensemble,FM,1763866,2014,2,0.9305148174370448
2014-03,100.24,Indice des prix à la consommation - Base 2015 - Ensemble des ménages - France métropolitaine - Ensemble,FM,1763866,2014,3,0.6122653819130797
2014-04,100.2,Indice des prix à la consommation - Base 2015 - Ensemble des ménages - France métropolitaine - Ensemble,FM,1763866,2014,4,0.7237635705669376
2014-05,100.23,Indice des prix à la consommation - Base 2015 - Ensemble des ménages - France métropolitaine - Ensemble,FM,1763866,2014,5,0.6931886678722021
2014-06,100.19,Indice des prix à la consommation - Base 2015 - Ensemble des ménages - France métropolitaine - Ensemble,FM,1763866,2014,6,0.49147442326979984
2014-07,99.85,Indice des prix à la consommation - Base 2015 - Ensemble des ménages - France métropolitaine - Ensemble,FM,1763866,2014,7,0.46282322165207557
2014-08,100.3,Indice des prix à la consommation - Base 2015 - Ensemble des ménages - France métropolitaine - Ensemble,FM,1763866,2014,8,0.4506760140210453
2014-09,99.92,Indice des prix à la consommation - Base 2015 - Ensemble des ménages - France métropolitaine - Ensemble,FM,1763866,2014,9,0.29107698484391875
2014-10,99.96,Indice des prix à la consommation - Base 2015 - Ensemble des ménages - France métropolitaine - Ensemble,FM,1763866,2014,10,0.4522158577027424
2014-11,99.78,Indice des prix à la consommation - Base 2015 - Ensemble des ménages - France métropolitaine - Ensemble,FM,1763866,2014,11,0.3217373818620528
2014-12,99.86,Indice des prix à la consommation - Base 2015 - Ensemble des ménages - France métropolitaine - Ensemble,FM,1763866,2014,12,0.060120240480965315
2015-01,98.85,Indice des prix à la consommation - Base 2015 - Ensemble des ménages - France métropolitaine - Ensemble,FM,1763866,2015,1,-0.37290868776457264
2015-02,99.52,Indice des prix à la consommation - Base 2015 - Ensemble des ménages - France métropolitaine - Ensemble,FM,1763866,2015,2,-0.27056819320574466
2015-03,100.18,Indice des prix à la consommation - Base 2015 - Ensemble des ménages - France métropolitaine - Ensemble,FM,1763866,2015,3,-0.05985634477253532
2015-04,100.29,Indice des prix à la consommation - Base 2015 - Ensemble des ménages - France métropolitaine - Ensemble,FM,1763866,2015,4,0.08982035928144505
2015-05,100.53,Indice des prix à la consommation - Base 2015 - Ensemble des ménages - France métropolitaine - Ensemble,FM,1763866,2015,5,0.2993115833582749
2015-06,100.45,Indice des prix à la consommation - Base 2015 - Ensemble des ménages - France métropolitaine - Ensemble,FM,1763866,2015,6,0.259506936820042
2015-07,100.02,Indice des prix à la consommation - Base 2015 - Ensemble des ménages - France métropolitaine - Ensemble,FM,1763866,2015,7,0.1702553830746245
2015-08,100.35,Indice des prix à la consommation - Base 2015 - Ensemble des ménages - France métropolitaine - Ensemble,FM,1763866,2015,8,0.04985044865404298
2015-09,99.95,Indice des prix à la consommation - Base 2015 - Ensemble des ménages - France métropolitaine - Ensemble,FM,1763866,2015,9,0.030024019215368902
2015-10,100.02,Indice des prix à la consommation - Base 2015 - Ensemble des ménages - France métropolitaine - Ensemble,FM,1763866,2015,10,0.06002400960385401
2015-11,99.82,Indice des prix à la consommation - Base 2015 - Ensemble des ménages - France métropolitaine - Ensemble,FM,1763866,2015,11,0.04008819402685493
2015-12,100.04,Indice des prix à la consommation - Base 2015 - Ensemble des ménages - France métropolitaine - Ensemble,FM,1763866,2015,12,0.18025235329461875
2016-01,99.06,Indice des prix à la consommation - Base 2015 - Ensemble des ménages - France métropolitaine - Ensemble,FM,1763866,2016,1,0.21244309559940167
2016-02,99.33,Indice des prix à la consommation - Base 2015 - Ensemble des ménages - France métropolitaine - Ensemble,FM,1763866,2016,2,-0.19091639871382515
2016-03,100.04,Indice des prix à la consommation - Base 2015 - Ensemble des ménages - France métropolitaine - Ensemble,FM,1763866,2016,3,-0.13974845278498238
2016-04,100.1,Indice des prix à la consommation - Base 2015 - Ensemble des ménages - France métropolitaine - Ensemble,FM,1763866,2016,4,-0.18945059327950542
2016-05,100.52,Indice des prix à la consommation - Base 2015 - Ensemble des ménages - France métropolitaine - Ensemble,FM,1763866,2016,5,-0.009947279419086907
2016-06,100.64,Indice des prix à la consommation - Base 2015 - Ensemble des ménages - France métropolitaine - Ensemble,FM,1763866,2016,6,0.1891488302638189
2016-07,100.24,Indice des prix à la consommation - Base 2015 - Ensemble des ménages - France métropolitaine - Ensemble,FM,1763866,2016,7,0.21995600879824995
2016-08,100.59,Indice des prix à la consommation - Base 2015 - Ensemble des ménages - France métropolitaine - Ensemble,FM,1763866,2016,8,0.23916292974590636
2016-09,100.35,Indice des prix à la consommation - Base 2015 - Ensemble des ménages - France métropolitaine - Ensemble,FM,1763866,2016,9,0.4002001000500188
2016-10,100.39,Indice des prix à la consommation - Base 2015 - Ensemble des ménages - France métropolitaine - Ensemble,FM,1763866,2016,10,0.36992601479703957
2016-11,100.37,Indice des prix à la consommation - Base 2015 - Ensemble des ménages - France métropolitaine - Ensemble,FM,1763866,2016,11,0.5509917852134061
2016-12,100.66,Indice des prix à la consommation - Base 2015 - Ensemble des ménages - France métropolitaine - Ensemble,FM,1763866,2016,12,0.61975209916032
2017-01,100.4,Indice des prix à la consommation - Base 2015 - Ensemble des ménages - France métropolitaine - Ensemble,FM,1763866,2017,1,1.3527155259438706
2017-02,100.54,Indice des prix à la consommation - Base 2015 - Ensemble des ménages - France métropolitaine - Ensemble,FM,1763866,2017,2,1.218161683277974
2017-03,101.19,Indice des prix à la consommation - Base 2015 - Ensemble des ménages - France métropolitaine - Ensemble,FM,1763866,2017,3,1.1495401839264119
2017-04,101.28,Indice des prix à la consommation - Base 2015 - Ensemble des ménages - France métropolitaine - Ensemble,FM,1763866,2017,4,1.1788211788211767
2017-05,101.33,Indice des prix à la consommation - Base 2015 - Ensemble des ménages - France métropolitaine - Ensemble,FM,1763866,2017,5,0.8058097890967009
2017-06,101.34,Indice des prix à la consommation - Base 2015 - Ensemble des ménages - France métropolitaine - Ensemble,FM,1763866,2017,6,0.6955484896661313
2017-07,100.97,Indice des prix à la consommation - Base 2015 - Ensemble des ménages - France métropolitaine - Ensemble,FM,1763866,2017,7,0.7282521947326481
2017-08,101.52,Indice des prix à la consommation - Base 2015 - Ensemble des ménages - France métropolitaine - Ensemble,FM,1763866,2017,8,0.9245451834178242
2017-09,101.36,Indice des prix à la consommation - Base 2015 - Ensemble des ménages - France métropolitaine - Ensemble,FM,1763866,2017,9,1.0064773293472884
2017-10,101.46,Indice des prix à la consommation - Base 2015 - Ensemble des ménages - France métropolitaine - Ensemble,FM,1763866,2017,10,1.065843211475248
2017-11,101.56,Indice des prix à la consommation - Base 2015 - Ensemble des ménages - France métropolitaine - Ensemble,FM,1763866,2017,11,1.185613231045135
2017-12,101.86,Indice des prix à la consommation - Base 2015 - Ensemble des ménages - France métropolitaine - Ensemble,FM,1763866,2017,12,1.1921319292668375
2018-01,101.76,Indice des prix à la consommation - Base 2015 - Ensemble des ménages - France métropolitaine - Ensemble,FM,1763866,2018,1,1.3545816733067761
2018-02,101.73,Indice des prix à la consommation - Base 2015 - Ensemble des ménages - France métropolitaine - Ensemble,FM,1763866,2018,2,1.1836085140242592
2018-03,102.78,Indice des prix à la consommation - Base 2015 - Ensemble des ménages - France métropolitaine - Ensemble,FM,1763866,2018,3,1.5713015120071283
2018-04,102.95,Indice des prix à la consommation - Base 2015 - Ensemble des ménages - France métropolitaine - Ensemble,FM,1763866,2018,4,1.6488941548183256
2018-05,103.39,Indice des prix à la consommation - Base 2015 - Ensemble des ménages - France métropolitaine - Ensemble,FM,1763866,2018,5,2.032961610579287
2018-06,103.4,Indice des prix à la consommation - Base 2015 - Ensemble des ménages - France métropolitaine - Ensemble,FM,1763866,2018,6,2.0327610025656195
2018-07,103.29,Indice des prix à la consommation - Base 2015 - Ensemble des ménages - France métropolitaine - Ensemble,FM,1763866,2018,7,2.297712191740131
2018-08,103.81,Indice des prix à la consommation - Base 2015 - Ensemble des ménages - France métropolitaine - Ensemble,FM,1763866,2018,8,2.2557131599684865
2018-09,103.59,Indice des prix à la consommation - Base 2015 - Ensemble des ménages - France métropolitaine - Ensemble,FM,1763866,2018,9,2.200078926598259
2018-10,103.71,Indice des prix à la consommation - Base 2015 - Ensemble des ménages - France métropolitaine - Ensemble,FM,1763866,2018,10,2.2176227084565348
2018-11,103.48,Indice des prix à la consommation - Base 2015 - Ensemble des ménages - France métropolitaine - Ensemble,FM,1763866,2018,11,1.8905080740448943
2018-12,103.49,Indice des prix à la consommation - Base 2015 - Ensemble des ménages - France métropolitaine - Ensemble,FM,1763866,2018,12,1.600235617514234
2019-01,103.03,Indice des prix à la consommation - Base 2015 - Ensemble des ménages - France métropolitaine - Ensemble,FM,1763866,2019,1,1.2480345911949575
2019-02,103.09,Indice des prix à la consommation - Base 2015 - Ensemble des ménages - France métropolitaine - Ensemble,FM,1763866,2019,2,1.3368721124545457
2019-03,103.93,Indice des prix à la consommation - Base 2015 - Ensemble des ménages - France métropolitaine - Ensemble,FM,1763866,2019,3,1.1188947266005167
2019-04,104.26,Indice des prix à la consommation - Base 2015 - Ensemble des ménages - France métropolitaine - Ensemble,FM,1763866,2019,4,1.2724623603691088
2019-05,104.36,Indice des prix à la consommation - Base 2015 - Ensemble des ménages - France métropolitaine - Ensemble,FM,1763866,2019,5,0.9381951832865942
2019-06,104.62,Indice des prix à la consommation - Base 2015 - Ensemble des ménages - France métropolitaine - Ensemble,FM,1763866,2019,6,1.1798839458413868
2019-07,104.41,Indice des prix à la consommation - Base 2015 - Ensemble des ménages - France métropolitaine - Ensemble,FM,1763866,2019,7,1.0843256849646599
2019-08,104.89,Indice des prix à la consommation - Base 2015 - Ensemble des ménages - France métropolitaine - Ensemble,FM,1763866,2019,8,1.0403622001733837
2019-09,104.55,Indice des prix à la consommation - Base 2015 - Ensemble des ménages - France métropolitaine - Ensemble,FM,1763866,2019,9,0.9267303793802473
2019-10,104.5,Indice des prix à la consommation - Base 2015 - Ensemble des ménages - France métropolitaine - Ensemble,FM,1763866,2019,10,0.7617394658181453
2019-11,104.56,Indice des prix à la consommation - Base 2015 - Ensemble des ménages - France métropolitaine - Ensemble,FM,1763866,2019,11,1.0436799381523088
2019-12,105.01,Indice des prix à la consommation - Base 2015 - Ensemble des ménages - France métropolitaine - Ensemble,FM,1763866,2019,12,1.4687409411537455
2020-01,104.57,Indice des prix à la consommation - Base 2015 - Ensemble des ménages - France métropolitaine - Ensemble,FM,1763866,2020,1,1.49471027855963
2020-02,104.55,Indice des prix à la consommation - Base 2015 - Ensemble des ménages - France métropolitaine - Ensemble,FM,1763866,2020,2,1.4162382384324212
2020-03,104.62,Indice des prix à la consommation - Base 2015 - Ensemble des ménages - France métropolitaine - Ensemble,FM,1763866,2020,3,0.6639083998845274
2020-04,104.59,Indice des prix à la consommation - Base 2015 - Ensemble des ménages - France métropolitaine - Ensemble,FM,1763866,2020,4,0.31651640130443415
2020-05,104.76,Indice des prix à la consommation - Base 2015 - Ensemble des ménages - France métropolitaine - Ensemble,FM,1763866,2020,5,0.3832886163281035
2020-06,104.85,Indice des prix à la consommation - Base 2015 - Ensemble des ménages - France métropolitaine - Ensemble,FM,1763866,2020,6,0.21984324220989393
2020-07,105.23,Indice des prix à la consommation - Base 2015 - Ensemble des ménages - France métropolitaine - Ensemble,FM,1763866,2020,7,0.7853653864572374
2020-08,105.13,Indice des prix à la consommation - Base 2015 - Ensemble des ménages - France métropolitaine - Ensemble,FM,1763866,2020,8,0.22881113547525977
2020-09,104.6,Indice des prix à la consommation - Base 2015 - Ensemble des ménages - France métropolitaine - Ensemble,FM,1763866,2020,9,0.04782400765184214
2020-10,104.57,Indice des prix à la consommation - Base 2015 - Ensemble des ménages - France métropolitaine - Ensemble,FM,1763866,2020,10,0.06698564593301537
2020-11,104.78,Indice des prix à la consommation - Base 2015 - Ensemble des ménages - France métropolitaine - Ensemble,FM,1763866,2020,11,0.21040550879878328
2020-12,105.0,Indice des prix à la consommation - Base 2015 - Ensemble des ménages - France métropolitaine - Ensemble,FM,1763866,2020,12,-0.00952290258071642
2021-01,105.15,Indice des prix à la consommation - Base 2015 - Ensemble des ménages - France métropolitaine - Ensemble,FM,1763866,2021,1,0.5546523859615737
2021-02,105.16,Indice des prix à la consommation - Base 2015 - Ensemble des ménages - France métropolitaine - Ensemble,FM,1763866,2021,2,0.5834528933524652
2021-03,105.81,Indice des prix à la consommation - Base 2015 - Ensemble des ménages - France métropolitaine - Ensemble,FM,1763866,2021,3,1.137449818390368
2021-04,105.9,Indice des prix à la consommation - Base 2015 - Ensemble des ménages - France métropolitaine - Ensemble,FM,1763866,2021,4,1.252509800172108
2021-05,106.24,Indice des prix à la consommation - Base 2015 - Ensemble des ménages - France métropolitaine - Ensemble,FM,1763866,2021,5,1.412752959144692
2021-06,106.38,Indice des prix à la consommation - Base 2015 - Ensemble des ménages - France métropolitaine - Ensemble,FM,1763866,2021,6,1.4592274678111528
2021-07,106.43,Indice des prix à la consommation - Base 2015 - Ensemble des ménages - France métropolitaine - Ensemble,FM,1763866,2021,7,1.1403592131521423
2021-08,107.09,Indice des prix à la consommation - Base 2015 - Ensemble des ménages - France métropolitaine - Ensemble,FM,1763866,2021,8,1.8643584133929414
2021-09,106.85,Indice des prix à la consommation - Base 2015 - Ensemble des ménages - France métropolitaine - Ensemble,FM,1763866,2021,9,2.151051625239009
2021-10,107.3,Indice des prix à la consommation - Base 2015 - Ensemble des ménages - France métropolitaine - Ensemble,FM,1763866,2021,10,2.6106914028880324
2021-11,107.68,Indice des prix à la consommation - Base 2015 - Ensemble des ménages - France métropolitaine - Ensemble,FM,1763866,2021,11,2.7677037602595878
2021-12,107.89,Indice des prix à la consommation - Base 2015 - Ensemble des ménages - France métropolitaine - Ensemble,FM,1763866,2021,12,2.7523809523809506
2022-01,108.18,Indice des prix à la consommation - Base 2015 - Ensemble des ménages - France métropolitaine - Ensemble,FM,1763866,2022,1,2.881597717546369
2022-02,109.01,Indice des prix à la consommation - Base 2015 - Ensemble des ménages - France métropolitaine - Ensemble,FM,1763866,2022,2,3.661087866108792
2022-03,110.57,Indice des prix à la consommation - Base 2015 - Ensemble des ménages - France métropolitaine - Ensemble,FM,1763866,2022,3,4.4986296191286135
2022-04,111.04,Indice des prix à la consommation - Base 2015 - Ensemble des ménages - France métropolitaine - Ensemble,FM,1763866,2022,4,4.8536355051935764
2022-05,111.8,Indice des prix à la consommation - Base 2015 - Ensemble des ménages - France métropolitaine - Ensemble,FM,1763866,2022,5,5.233433734939763
2022-06,112.64,Indice des prix à la consommation - Base 2015 - Ensemble des ménages - France métropolitaine - Ensemble,FM,1763866,2022,6,5.884564767813494
2022-07,112.92,Indice des prix à la consommation - Base 2015 - Ensemble des ménages - France métropolitaine - Ensemble,FM,1763866,2022,7,6.0979047261110475
2022-08,113.45,Indice des prix à la consommation - Base 2015 - Ensemble des ménages - France métropolitaine - Ensemble,FM,1763866,2022,8,5.938929872070231
2022-09,112.84,Indice des prix à la consommation - Base 2015 - Ensemble des ménages - France métropolitaine - Ensemble,FM,1763866,2022,9,5.605989705194214
2022-10,114.03,Indice des prix à la consommation - Base 2015 - Ensemble des ménages - France métropolitaine - Ensemble,FM,1763866,2022,10,6.2721342031687
2022-11,114.37,Indice des prix à la consommation - Base 2015 - Ensemble des ménages - France métropolitaine - Ensemble,FM,1763866,2022,11,6.212852897473997
2022-12,114.24,Indice des prix à la consommation - Base 2015 - Ensemble des ménages - France métropolitaine - Ensemble,FM,1763866,2022,12,5.885624246918142
2023-01,114.71,Indice des prix à la consommation - Base 2015 - Ensemble des ménages - France métropolitaine - Ensemble,FM,1763866,2023,1,6.0362359031244095
2023-02,115.9,Indice des prix à la consommation - Base 2015 - Ensemble des ménages - France métropolitaine - Ensemble,FM,1763866,2023,2,6.320521053114403
2023-03,116.92,Indice des prix à la consommation - Base 2015 - Ensemble des ménages - France métropolitaine - Ensemble,FM,1763866,2023,3,5.742968255403835
2023-04,117.64,Indice des prix à la consommation - Base 2015 - Ensemble des ménages - France métropolitaine - Ensemble,FM,1763866,2023,4,5.943804034582123
2023-05,117.57,Indice des prix à la consommation - Base 2015 - Ensemble des ménages - France métropolitaine - Ensemble,FM,1763866,2023,5,5.16100178890877
2023-06,117.79,Indice des prix à la consommation - Base 2015 - Ensemble des ménages - France métropolitaine - Ensemble,FM,1763866,2023,6,4.572088068181812
2023-07,117.83,Indice des prix à la consommation - Base 2015 - Ensemble des ménages - France métropolitaine - Ensemble,FM,1763866,2023,7,4.348211122918877
2023-08,119.02,Indice des prix à la consommation - Base 2015 - Ensemble des ménages - France métropolitaine - Ensemble,FM,1763866,2023,8,4.909651828999562
2023-09,118.39,Indice des prix à la consommation - Base 2015 - Ensemble des ménages - France métropolitaine - Ensemble,FM,1763866,2023,9,4.918468628146044
2023-10,118.55,Indice des prix à la consommation - Base 2015 - Ensemble des ménages - France métropolitaine - Ensemble,FM,1763866,2023,10,3.963869157239319
2023-11,118.34,Indice des prix à la consommation - Base 2015 - Ensemble des ménages - France métropolitaine - Ensemble,FM,1763866,2023,11,3.4711899973769444
2023-12,118.49,Indice des prix à la consommation - Base 2015 - Ensemble des ménages - France métropolitaine - Ensemble,FM,1763866,2023,12,3.720238095238093
2024-01,118.29,Indice des prix à la consommation - Base 2015 - Ensemble des ménages - France métropolitaine - Ensemble,FM,1763866,2024,1,3.1209136082294586
2024-02,119.32,Indice des prix à la consommation - Base 2015 - Ensemble des ménages - France métropolitaine - Ensemble,FM,1763866,2024,2,2.950819672131133
2024-03,119.57,Indice des prix à la consommation - Base 2015 - Ensemble des ménages - France métropolitaine - Ensemble,FM,1763866,2024,3,2.266507013342456
2024-04,120.18,Indice des prix à la consommation - Base 2015 - Ensemble des ménages - France métropolitaine - Ensemble,FM,1763866,2024,4,2.1591295477728645
2024-05,120.21,Indice des prix à la consommation - Base 2015 - Ensemble des ménages - France métropolitaine - Ensemble,FM,1763866,2024,5,2.2454707833631016
2024-06,120.31,Indice des prix à la consommation - Base 2015 - Ensemble des ménages - France métropolitaine - Ensemble,FM,1763866,2024,6,2.1394006282366984
2024-07,120.53,Indice des prix à la consommation - Base 2015 - Ensemble des ménages - France métropolitaine - Ensemble,FM,1763866,2024,7,2.291436815751502
2024-08,121.18,Indice des prix à la consommation - Base 2015 - Ensemble des ménages - France métropolitaine - Ensemble,FM,1763866,2024,8,1.8148210384809405
2024-09,119.67,Indice des prix à la consommation - Base 2015 - Ensemble des ménages - France métropolitaine - Ensemble,FM,1763866,2024,9,1.0811723963172648
2024-10,120.01,Indice des prix à la consommation - Base 2015 - Ensemble des ménages - France métropolitaine - Ensemble,FM,1763866,2024,10,1.231547870097005
2024-11,119.82,Indice des prix à la consommation - Base 2015 - Ensemble des ménages - France métropolitaine - Ensemble,FM,1763866,2024,11,1.2506337671116974
2024-12,120.04,Indice des prix à la consommation - Base 2015 - Ensemble des ménages - France métropolitaine - Ensemble,FM,1763866,2024,12,1.3081272681239042
2025-01,120.23,Indice des prix à la consommation - Base 2015 - Ensemble des ménages - France métropolitaine - Ensemble,FM,1763866,2025,1,1.6400371967199234
2025-02,120.25,Indice des prix à la consommation - Base 2015 - Ensemble des ménages - France métropolitaine - Ensemble,FM,1763866,2025,2,0.7794166946027525
2025-03,120.47,Indice des prix à la consommation - Base 2015 - Ensemble des ménages - France métropolitaine - Ensemble,FM,1763866,2025,3,0.7526971648406766
2025-04,121.16,Indice des prix à la consommation - Base 2015 - Ensemble des ménages - France métropolitaine - Ensemble,FM,1763866,2025,4,0.8154435014145367
2025-05,120.99,Indice des prix à la consommation - Base 2015 - Ensemble des ménages - France métropolitaine - Ensemble,FM,1763866,2025,5,0.6488644871474936
2025-06,121.47,Indice des prix à la consommation - Base 2015 - Ensemble des ménages - France métropolitaine - Ensemble,FM,1763866,2025,6,0.9641758789793009
2025-07,121.72,Indice des prix à la consommation - Base 2015 - Ensemble des ménages - France métropolitaine - Ensemble,FM,1763866,2025,7,0.9873060648801113
2025-08,122.24,Indice des prix à la consommation - Base 2015 - Ensemble des ménages - France métropolitaine - Ensemble,FM,1763866,2025,8,0.8747318039280305
2025-09,121.05,Indice des prix à la consommation - Base 2015 - Ensemble des ménages - France métropolitaine - Ensemble,FM,1763866,2025,9,1.153171220857363
2025-10,121.13,Indice des prix à la consommation - Base 2015 - Ensemble des ménages - France métropolitaine - Ensemble,FM,1763866,2025,10,0.9332555620364946
2025-11,120.89,Indice des prix à la consommation - Base 2015 - Ensemble des ménages - France métropolitaine - Ensemble,FM,1763866,2025,11,0.8930061759305774
