code_dept,revenu,annee,unite,UNIT
01,258018.0,2018,Nombre de ménages fiscaux,NBMEN
01,618263.0,2018,Nombre de personnes fiscales,NBPERS
01,23420.0,2018,Médiane,MEDIANE
02,221370.0,2018,Nombre de ménages fiscaux,NBMEN
02,512838.0,2018,Nombre de personnes fiscales,NBPERS
02,19690.0,2018,Médiane,MEDIANE
03,157528.0,2018,Nombre de ménages fiscaux,NBMEN
03,325813.0,2018,Nombre de personnes fiscales,NBPERS
03,20360.0,2018,Médiane,MEDIANE
04,73620.0,2018,Nombre de ménages fiscaux,NBMEN
04,154535.0,2018,Nombre de personnes fiscales,NBPERS
04,20580.0,2018,Médiane,MEDIANE
05,63474.0,2018,Nombre de ménages fiscaux,NBMEN
05,133391.0,2018,Nombre de personnes fiscales,NBPERS
05,20880.0,2018,Médiane,MEDIANE
06,520415.0,2018,Nombre de ménages fiscaux,NBMEN
06,1099477.0,2018,Nombre de personnes fiscales,NBPERS
06,22140.0,2018,Médiane,MEDIANE
07,141763.0,2018,Nombre de ménages fiscaux,NBMEN
07,311917.0,2018,Nombre de personnes fiscales,NBPERS
07,20780.0,2018,Médiane,MEDIANE
08,117199.0,2018,Nombre de ménages fiscaux,NBMEN
08,261731.0,2018,Nombre de personnes fiscales,NBPERS
08,19650.0,2018,Médiane,MEDIANE
09,68614.0,2018,Nombre de ménages fiscaux,NBMEN
09,143949.0,2018,Nombre de personnes fiscales,NBPERS
09,19820.0,2018,Médiane,MEDIANE
10,130958.0,2018,Nombre de ménages fiscaux,NBMEN
10,288559.0,2018,Nombre de personnes fiscales,NBPERS
10,20430.0,2018,Médiane,MEDIANE
11,164932.0,2018,Nombre de ménages fiscaux,NBMEN
11,351144.0,2018,Nombre de personnes fiscales,NBPERS
11,19240.0,2018,Médiane,MEDIANE
12,123739.0,2018,Nombre de ménages fiscaux,NBMEN
12,263380.0,2018,Nombre de personnes fiscales,NBPERS
12,20640.0,2018,Médiane,MEDIANE
13,861714.0,2018,Nombre de ménages fiscaux,NBMEN
13,1966294.0,2018,Nombre de personnes fiscales,NBPERS
13,21360.0,2018,Médiane,MEDIANE
14,296318.0,2018,Nombre de ménages fiscaux,NBMEN
14,657428.0,2018,Nombre de personnes fiscales,NBPERS
14,21490.0,2018,Médiane,MEDIANE
15,66369.0,2018,Nombre de ménages fiscaux,NBMEN
15,137450.0,2018,Nombre de personnes fiscales,NBPERS
15,20510.0,2018,Médiane,MEDIANE
16,157396.0,2018,Nombre de ménages fiscaux,NBMEN
16,336877.0,2018,Nombre de personnes fiscales,NBPERS
16,20640.0,2018,Médiane,MEDIANE
17,301130.0,2018,Nombre de ménages fiscaux,NBMEN
17,640597.0,2018,Nombre de personnes fiscales,NBPERS
17,21280.0,2018,Médiane,MEDIANE
18,137807.0,2018,Nombre de ménages fiscaux,NBMEN
18,292459.0,2018,Nombre de personnes fiscales,NBPERS
18,20880.0,2018,Médiane,MEDIANE
19,108743.0,2018,Nombre de ménages fiscaux,NBMEN
19,226855.0,2018,Nombre de personnes fiscales,NBPERS
19,20960.0,2018,Médiane,MEDIANE
21,228254.0,2018,Nombre de ménages fiscaux,NBMEN
21,496851.0,2018,Nombre de personnes fiscales,NBPERS
21,22400.0,2018,Médiane,MEDIANE
22,270017.0,2018,Nombre de ménages fiscaux,NBMEN
22,589373.0,2018,Nombre de personnes fiscales,NBPERS
22,21230.0,2018,Médiane,MEDIANE
23,55157.0,2018,Nombre de ménages fiscaux,NBMEN
23,110155.0,2018,Nombre de personnes fiscales,NBPERS
23,19380.0,2018,Médiane,MEDIANE
24,187347.0,2018,Nombre de ménages fiscaux,NBMEN
24,392523.0,2018,Nombre de personnes fiscales,NBPERS
24,20140.0,2018,Médiane,MEDIANE
25,229276.0,2018,Nombre de ménages fiscaux,NBMEN
25,515954.0,2018,Nombre de personnes fiscales,NBPERS
25,22590.0,2018,Médiane,MEDIANE
26,218956.0,2018,Nombre de ménages fiscaux,NBMEN
26,495842.0,2018,Nombre de personnes fiscales,NBPERS
26,21100.0,2018,Médiane,MEDIANE
27,244122.0,2018,Nombre de ménages fiscaux,NBMEN
27,581245.0,2018,Nombre de personnes fiscales,NBPERS
27,21700.0,2018,Médiane,MEDIANE
28,179176.0,2018,Nombre de ménages fiscaux,NBMEN
28,421871.0,2018,Nombre de personnes fiscales,NBPERS
28,22070.0,2018,Médiane,MEDIANE
29,408279.0,2018,Nombre de ménages fiscaux,NBMEN
29,880927.0,2018,Nombre de personnes fiscales,NBPERS
29,21690.0,2018,Médiane,MEDIANE
30,322726.0,2018,Nombre de ménages fiscaux,NBMEN
30,724524.0,2018,Nombre de personnes fiscales,NBPERS
30,20020.0,2018,Médiane,MEDIANE
31,588418.0,2018,Nombre de ménages fiscaux,NBMEN
31,1308776.0,2018,Nombre de personnes fiscales,NBPERS
31,23140.0,2018,Médiane,MEDIANE
32,84678.0,2018,Nombre de ménages fiscaux,NBMEN
32,182203.0,2018,Nombre de personnes fiscales,NBPERS
32,20820.0,2018,Médiane,MEDIANE
33,697150.0,2018,Nombre de ménages fiscaux,NBMEN
33,1556274.0,2018,Nombre de personnes fiscales,NBPERS
33,22400.0,2018,Médiane,MEDIANE
34,511075.0,2018,Nombre de ménages fiscaux,NBMEN
34,1114021.0,2018,Nombre de personnes fiscales,NBPERS
34,20330.0,2018,Médiane,MEDIANE
35,444024.0,2018,Nombre de ménages fiscaux,NBMEN
35,1019603.0,2018,Nombre de personnes fiscales,NBPERS
35,22230.0,2018,Médiane,MEDIANE
36,101485.0,2018,Nombre de ménages fiscaux,NBMEN
36,209427.0,2018,Nombre de personnes fiscales,NBPERS
36,20200.0,2018,Médiane,MEDIANE
37,269432.0,2018,Nombre de ménages fiscaux,NBMEN
37,593494.0,2018,Nombre de personnes fiscales,NBPERS
37,21750.0,2018,Médiane,MEDIANE
38,520308.0,2018,Nombre de ménages fiscaux,NBMEN
38,1221592.0,2018,Nombre de personnes fiscales,NBPERS
38,22950.0,2018,Médiane,MEDIANE
39,115221.0,2018,Nombre de ménages fiscaux,NBMEN
39,252926.0,2018,Nombre de personnes fiscales,NBPERS
39,21700.0,2018,Médiane,MEDIANE
40,185047.0,2018,Nombre de ménages fiscaux,NBMEN
40,407586.0,2018,Nombre de personnes fiscales,NBPERS
40,21360.0,2018,Médiane,MEDIANE
41,145295.0,2018,Nombre de ménages fiscaux,NBMEN
41,321353.0,2018,Nombre de personnes fiscales,NBPERS
41,21380.0,2018,Médiane,MEDIANE
42,324748.0,2018,Nombre de ménages fiscaux,NBMEN
42,733274.0,2018,Nombre de personnes fiscales,NBPERS
42,20770.0,2018,Médiane,MEDIANE
43,100452.0,2018,Nombre de ménages fiscaux,NBMEN
43,222010.0,2018,Nombre de personnes fiscales,NBPERS
43,20800.0,2018,Médiane,MEDIANE
44,602174.0,2018,Nombre de ménages fiscaux,NBMEN
44,1378126.0,2018,Nombre de personnes fiscales,NBPERS
44,22600.0,2018,Médiane,MEDIANE
45,284701.0,2018,Nombre de ménages fiscaux,NBMEN
45,658374.0,2018,Nombre de personnes fiscales,NBPERS
45,21960.0,2018,Médiane,MEDIANE
46,78777.0,2018,Nombre de ménages fiscaux,NBMEN
46,162860.0,2018,Nombre de personnes fiscales,NBPERS
46,20740.0,2018,Médiane,MEDIANE
47,146059.0,2018,Nombre de ménages fiscaux,NBMEN
47,317408.0,2018,Nombre de personnes fiscales,NBPERS
47,19930.0,2018,Médiane,MEDIANE
48,33007.0,2018,Nombre de ménages fiscaux,NBMEN
48,69916.0,2018,Nombre de personnes fiscales,NBPERS
48,20420.0,2018,Médiane,MEDIANE
49,336202.0,2018,Nombre de ménages fiscaux,NBMEN
49,784657.0,2018,Nombre de personnes fiscales,NBPERS
49,21110.0,2018,Médiane,MEDIANE
50,222916.0,2018,Nombre de ménages fiscaux,NBMEN
50,486103.0,2018,Nombre de personnes fiscales,NBPERS
50,20980.0,2018,Médiane,MEDIANE
51,241140.0,2018,Nombre de ménages fiscaux,NBMEN
51,535969.0,2018,Nombre de personnes fiscales,NBPERS
51,21650.0,2018,Médiane,MEDIANE
52,77937.0,2018,Nombre de ménages fiscaux,NBMEN
52,166785.0,2018,Nombre de personnes fiscales,NBPERS
52,20190.0,2018,Médiane,MEDIANE
53,128112.0,2018,Nombre de ménages fiscaux,NBMEN
53,297783.0,2018,Nombre de personnes fiscales,NBPERS
53,20830.0,2018,Médiane,MEDIANE
54,308112.0,2018,Nombre de ménages fiscaux,NBMEN
54,681845.0,2018,Nombre de personnes fiscales,NBPERS
54,21480.0,2018,Médiane,MEDIANE
55,79155.0,2018,Nombre de ménages fiscaux,NBMEN
55,175770.0,2018,Nombre de personnes fiscales,NBPERS
55,20590.0,2018,Médiane,MEDIANE
56,338747.0,2018,Nombre de ménages fiscaux,NBMEN
56,742994.0,2018,Nombre de personnes fiscales,NBPERS
56,21600.0,2018,Médiane,MEDIANE
57,434279.0,2018,Nombre de ménages fiscaux,NBMEN
57,983866.0,2018,Nombre de personnes fiscales,NBPERS
57,21650.0,2018,Médiane,MEDIANE
58,96284.0,2018,Nombre de ménages fiscaux,NBMEN
58,194419.0,2018,Nombre de personnes fiscales,NBPERS
58,20320.0,2018,Médiane,MEDIANE
59,1046522.0,2018,Nombre de ménages fiscaux,NBMEN
59,2478125.0,2018,Nombre de personnes fiscales,NBPERS
59,20040.0,2018,Médiane,MEDIANE
60,325346.0,2018,Nombre de ménages fiscaux,NBMEN
60,800907.0,2018,Nombre de personnes fiscales,NBPERS
60,22150.0,2018,Médiane,MEDIANE
61,122706.0,2018,Nombre de ménages fiscaux,NBMEN
61,265641.0,2018,Nombre de personnes fiscales,NBPERS
61,20140.0,2018,Médiane,MEDIANE
62,603201.0,2018,Nombre de ménages fiscaux,NBMEN
62,1435859.0,2018,Nombre de personnes fiscales,NBPERS
62,19200.0,2018,Médiane,MEDIANE
63,289505.0,2018,Nombre de ménages fiscaux,NBMEN
63,621605.0,2018,Nombre de personnes fiscales,NBPERS
63,21890.0,2018,Médiane,MEDIANE
64,304838.0,2018,Nombre de ménages fiscaux,NBMEN
64,653366.0,2018,Nombre de personnes fiscales,NBPERS
64,21850.0,2018,Médiane,MEDIANE
65,104055.0,2018,Nombre de ménages fiscaux,NBMEN
65,216947.0,2018,Nombre de personnes fiscales,NBPERS
65,20420.0,2018,Médiane,MEDIANE
66,216387.0,2018,Nombre de ménages fiscaux,NBMEN
66,457577.0,2018,Nombre de personnes fiscales,NBPERS
66,19350.0,2018,Médiane,MEDIANE
67,469749.0,2018,Nombre de ménages fiscaux,NBMEN
67,1084558.0,2018,Nombre de personnes fiscales,NBPERS
67,22620.0,2018,Médiane,MEDIANE
68,319272.0,2018,Nombre de ménages fiscaux,NBMEN
68,737642.0,2018,Nombre de personnes fiscales,NBPERS
68,23130.0,2018,Médiane,MEDIANE
69,766388.0,2018,Nombre de ménages fiscaux,NBMEN
69,1758244.0,2018,Nombre de personnes fiscales,NBPERS
69,22990.0,2018,Médiane,MEDIANE
70,102783.0,2018,Nombre de ménages fiscaux,NBMEN
70,229297.0,2018,Nombre de personnes fiscales,NBPERS
70,20680.0,2018,Médiane,MEDIANE
71,244919.0,2018,Nombre de ménages fiscaux,NBMEN
71,529033.0,2018,Nombre de personnes fiscales,NBPERS
71,20850.0,2018,Médiane,MEDIANE
72,242050.0,2018,Nombre de ménages fiscaux,NBMEN
72,547213.0,2018,Nombre de personnes fiscales,NBPERS
72,21040.0,2018,Médiane,MEDIANE
73,188824.0,2018,Nombre de ménages fiscaux,NBMEN
73,420004.0,2018,Nombre de personnes fiscales,NBPERS
73,23160.0,2018,Médiane,MEDIANE
74,340376.0,2018,Nombre de ménages fiscaux,NBMEN
74,784097.0,2018,Nombre de personnes fiscales,NBPERS
74,26600.0,2018,Médiane,MEDIANE
75,1025721.0,2018,Nombre de ménages fiscaux,NBMEN
75,2039805.0,2018,Nombre de personnes fiscales,NBPERS
75,28270.0,2018,Médiane,MEDIANE
76,531206.0,2018,Nombre de ménages fiscaux,NBMEN
76,1196861.0,2018,Nombre de personnes fiscales,NBPERS
76,21140.0,2018,Médiane,MEDIANE
77,540575.0,2018,Nombre de ménages fiscaux,NBMEN
77,1383175.0,2018,Nombre de personnes fiscales,NBPERS
77,23470.0,2018,Médiane,MEDIANE
78,571667.0,2018,Nombre de ménages fiscaux,NBMEN
78,1445638.0,2018,Nombre de personnes fiscales,NBPERS
78,26810.0,2018,Médiane,MEDIANE
79,161979.0,2018,Nombre de ménages fiscaux,NBMEN
79,364423.0,2018,Nombre de personnes fiscales,NBPERS
79,20840.0,2018,Médiane,MEDIANE
80,234560.0,2018,Nombre de ménages fiscaux,NBMEN
80,535549.0,2018,Nombre de personnes fiscales,NBPERS
80,20320.0,2018,Médiane,MEDIANE
81,170227.0,2018,Nombre de ménages fiscaux,NBMEN
81,377792.0,2018,Nombre de personnes fiscales,NBPERS
81,20400.0,2018,Médiane,MEDIANE
82,108987.0,2018,Nombre de ménages fiscaux,NBMEN
82,253263.0,2018,Nombre de personnes fiscales,NBPERS
82,20140.0,2018,Médiane,MEDIANE
83,483087.0,2018,Nombre de ménages fiscaux,NBMEN
83,1042086.0,2018,Nombre de personnes fiscales,NBPERS
83,21590.0,2018,Médiane,MEDIANE
84,243565.0,2018,Nombre de ménages fiscaux,NBMEN
84,558215.0,2018,Nombre de personnes fiscales,NBPERS
84,19880.0,2018,Médiane,MEDIANE
85,299634.0,2018,Nombre de ménages fiscaux,NBMEN
85,681034.0,2018,Nombre de personnes fiscales,NBPERS
85,21320.0,2018,Médiane,MEDIANE
86,185757.0,2018,Nombre de ménages fiscaux,NBMEN
86,405604.0,2018,Nombre de personnes fiscales,NBPERS
86,20900.0,2018,Médiane,MEDIANE
87,167132.0,2018,Nombre de ménages fiscaux,NBMEN
87,348441.0,2018,Nombre de personnes fiscales,NBPERS
87,20860.0,2018,Médiane,MEDIANE
88,163751.0,2018,Nombre de ménages fiscaux,NBMEN
88,354130.0,2018,Nombre de personnes fiscales,NBPERS
88,20240.0,2018,Médiane,MEDIANE
89,147479.0,2018,Nombre de ménages fiscaux,NBMEN
89,323429.0,2018,Nombre de personnes fiscales,NBPERS
89,20800.0,2018,Médiane,MEDIANE
90,59666.0,2018,Nombre de ménages fiscaux,NBMEN
90,133490.0,2018,Nombre de personnes fiscales,NBPERS
90,21860.0,2018,Médiane,MEDIANE
91,503347.0,2018,Nombre de ménages fiscaux,NBMEN
91,1278220.0,2018,Nombre de personnes fiscales,NBPERS
91,23920.0,2018,Médiane,MEDIANE
92,683302.0,2018,Nombre de ménages fiscaux,NBMEN
92,1570316.0,2018,Nombre de personnes fiscales,NBPERS
92,28040.0,2018,Médiane,MEDIANE
93,592535.0,2018,Nombre de ménages fiscaux,NBMEN
93,1593010.0,2018,Nombre de personnes fiscales,NBPERS
93,17740.0,2018,Médiane,MEDIANE
94,557237.0,2018,Nombre de ménages fiscaux,NBMEN
94,1350616.0,2018,Nombre de personnes fiscales,NBPERS
94,22880.0,2018,Médiane,MEDIANE
95,459773.0,2018,Nombre de ménages fiscaux,NBMEN
95,1241471.0,2018,Nombre de personnes fiscales,NBPERS
95,21970.0,2018,Médiane,MEDIANE
2A,57460.0,2018,Nombre de ménages fiscaux,NBMEN
2A,120299.0,2018,Nombre de personnes fiscales,NBPERS
2A,21670.0,2018,Médiane,MEDIANE
2B,65688.0,2018,Nombre de ménages fiscaux,NBMEN
2B,135961.0,2018,Nombre de personnes fiscales,NBPERS
2B,19840.0,2018,Médiane,MEDIANE
972,146373.0,2018,Nombre de ménages fiscaux,NBMEN
972,322328.0,2018,Nombre de personnes fiscales,NBPERS
972,17880.0,2018,Médiane,MEDIANE
974,316016.0,2018,Nombre de ménages fiscaux,NBMEN
974,855515.0,2018,Nombre de personnes fiscales,NBPERS
974,15440.0,2018,Médiane,MEDIANE
01,12900.0,2018,Premier décile,D1
01,44080.0,2018,Neuvième décile,D9
01,3.4,2018,Rapport interdécile (sans unité),RD
01,10.3,2018,taux de pauvreté,TP60
01,78.8,2018,Part des revenus d'activité,PACT
01,72.0,2018,Part des salaires ou traitements hors indemnités de chômage,PTSA
01,2.8,2018,Part des indemnités de chômage,PCHO
01,4.0,2018,revenus des activités non salariées,PBEN
01,24.9,2018,"Pensions, retraites, et rentes",PPEN
01,9.6,2018,Revenus du patrimoine,PPAT
01,4.0,2018,Ensemble des prestations sociales,PPSOC
01,1.9,2018,prestations familiales,PPFAM
01,1.2,2018,Minima sociaux,PPMINI
01,0.9,2018,prestations logements,PPLOGT
01,-17.3,2018,Impôts,PIMPOT
02,10730.0,2018,Premier décile,D1
02,33170.0,2018,Neuvième décile,D9
02,3.1,2018,Rapport interdécile (sans unité),RD
02,18.4,2018,taux de pauvreté,TP60
02,68.4,2018,Part des revenus d'activité,PACT
02,59.3,2018,Part des salaires ou traitements hors indemnités de chômage,PTSA
02,3.1,2018,Part des indemnités de chômage,PCHO
02,6.0,2018,revenus des activités non salariées,PBEN
02,30.6,2018,"Pensions, retraites, et rentes",PPEN
02,8.3,2018,Revenus du patrimoine,PPAT
02,7.9,2018,Ensemble des prestations sociales,PPSOC
02,2.9,2018,prestations familiales,PPFAM
02,3.2,2018,Minima sociaux,PPMINI
02,1.8,2018,prestations logements,PPLOGT
02,-15.2,2018,Impôts,PIMPOT
03,11360.0,2018,Premier décile,D1
03,33600.0,2018,Neuvième décile,D9
03,3.0,2018,Rapport interdécile (sans unité),RD
03,15.5,2018,taux de pauvreté,TP60
03,60.8,2018,Part des revenus d'activité,PACT
03,52.5,2018,Part des salaires ou traitements hors indemnités de chômage,PTSA
03,2.6,2018,Part des indemnités de chômage,PCHO
03,5.7,2018,revenus des activités non salariées,PBEN
03,37.6,2018,"Pensions, retraites, et rentes",PPEN
03,10.5,2018,Revenus du patrimoine,PPAT
03,6.6,2018,Ensemble des prestations sociales,PPSOC
03,2.0,2018,prestations familiales,PPFAM
03,3.0,2018,Minima sociaux,PPMINI
03,1.6,2018,prestations logements,PPLOGT
03,-15.5,2018,Impôts,PIMPOT
04,11060.0,2018,Premier décile,D1
04,35380.0,2018,Neuvième décile,D9
04,3.2,2018,Rapport interdécile (sans unité),RD
04,16.8,2018,taux de pauvreté,TP60
04,60.6,2018,Part des revenus d'activité,PACT
04,50.5,2018,Part des salaires ou traitements hors indemnités de chômage,PTSA
04,3.4,2018,Part des indemnités de chômage,PCHO
04,6.7,2018,revenus des activités non salariées,PBEN
04,35.7,2018,"Pensions, retraites, et rentes",PPEN
04,14.6,2018,Revenus du patrimoine,PPAT
04,5.7,2018,Ensemble des prestations sociales,PPSOC
04,1.9,2018,prestations familiales,PPFAM
04,2.4,2018,Minima sociaux,PPMINI
04,1.4,2018,prestations logements,PPLOGT
04,-16.6,2018,Impôts,PIMPOT
05,11800.0,2018,Premier décile,D1
05,35410.0,2018,Neuvième décile,D9
05,3.0,2018,Rapport interdécile (sans unité),RD
05,13.9,2018,taux de pauvreté,TP60
05,64.0,2018,Part des revenus d'activité,PACT
05,53.0,2018,Part des salaires ou traitements hors indemnités de chômage,PTSA
05,3.3,2018,Part des indemnités de chômage,PCHO
05,7.7,2018,revenus des activités non salariées,PBEN
05,35.5,2018,"Pensions, retraites, et rentes",PPEN
05,11.4,2018,Revenus du patrimoine,PPAT
05,5.3,2018,Ensemble des prestations sociales,PPSOC
05,1.9,2018,prestations familiales,PPFAM
05,2.1,2018,Minima sociaux,PPMINI
05,1.3,2018,prestations logements,PPLOGT
05,-16.2,2018,Impôts,PIMPOT
06,11090.0,2018,Premier décile,D1
06,41770.0,2018,Neuvième décile,D9
06,3.8,2018,Rapport interdécile (sans unité),RD
06,15.8,2018,taux de pauvreté,TP60
06,72.6,2018,Part des revenus d'activité,PACT
06,62.8,2018,Part des salaires ou traitements hors indemnités de chômage,PTSA
06,3.2,2018,Part des indemnités de chômage,PCHO
06,6.6,2018,revenus des activités non salariées,PBEN
06,29.7,2018,"Pensions, retraites, et rentes",PPEN
06,13.5,2018,Revenus du patrimoine,PPAT
06,4.8,2018,Ensemble des prestations sociales,PPSOC
06,1.5,2018,prestations familiales,PPFAM
06,2.1,2018,Minima sociaux,PPMINI
06,1.2,2018,prestations logements,PPLOGT
06,-20.6,2018,Impôts,PIMPOT
07,11630.0,2018,Premier décile,D1
07,34440.0,2018,Neuvième décile,D9
07,3.0,2018,Rapport interdécile (sans unité),RD
07,14.4,2018,taux de pauvreté,TP60
07,64.2,2018,Part des revenus d'activité,PACT
07,55.3,2018,Part des salaires ou traitements hors indemnités de chômage,PTSA
07,3.3,2018,Part des indemnités de chômage,PCHO
07,5.6,2018,revenus des activités non salariées,PBEN
07,34.0,2018,"Pensions, retraites, et rentes",PPEN
07,12.2,2018,Revenus du patrimoine,PPAT
07,5.5,2018,Ensemble des prestations sociales,PPSOC
07,2.1,2018,prestations familiales,PPFAM
07,2.1,2018,Minima sociaux,PPMINI
07,1.3,2018,prestations logements,PPLOGT
07,-15.9,2018,Impôts,PIMPOT
08,10660.0,2018,Premier décile,D1
08,32960.0,2018,Neuvième décile,D9
08,3.1,2018,Rapport interdécile (sans unité),RD
08,18.9,2018,taux de pauvreté,TP60
08,66.5,2018,Part des revenus d'activité,PACT
08,57.8,2018,Part des salaires ou traitements hors indemnités de chômage,PTSA
08,2.9,2018,Part des indemnités de chômage,PCHO
08,5.8,2018,revenus des activités non salariées,PBEN
08,31.3,2018,"Pensions, retraites, et rentes",PPEN
08,9.2,2018,Revenus du patrimoine,PPAT
08,7.8,2018,Ensemble des prestations sociales,PPSOC
08,2.6,2018,prestations familiales,PPFAM
08,3.3,2018,Minima sociaux,PPMINI
08,1.9,2018,prestations logements,PPLOGT
08,-14.8,2018,Impôts,PIMPOT
09,10690.0,2018,Premier décile,D1
09,33090.0,2018,Neuvième décile,D9
09,3.1,2018,Rapport interdécile (sans unité),RD
09,18.0,2018,taux de pauvreté,TP60
09,60.8,2018,Part des revenus d'activité,PACT
09,51.6,2018,Part des salaires ou traitements hors indemnités de chômage,PTSA
09,3.3,2018,Part des indemnités de chômage,PCHO
09,5.9,2018,revenus des activités non salariées,PBEN
09,37.4,2018,"Pensions, retraites, et rentes",PPEN
09,9.6,2018,Revenus du patrimoine,PPAT
09,7.0,2018,Ensemble des prestations sociales,PPSOC
09,2.0,2018,prestations familiales,PPFAM
09,3.3,2018,Minima sociaux,PPMINI
09,1.7,2018,prestations logements,PPLOGT
09,-14.8,2018,Impôts,PIMPOT
10,11240.0,2018,Premier décile,D1
10,35650.0,2018,Neuvième décile,D9
10,3.2,2018,Rapport interdécile (sans unité),RD
10,16.2,2018,taux de pauvreté,TP60
10,68.8,2018,Part des revenus d'activité,PACT
10,57.3,2018,Part des salaires ou traitements hors indemnités de chômage,PTSA
10,3.0,2018,Part des indemnités de chômage,PCHO
10,8.5,2018,revenus des activités non salariées,PBEN
10,30.8,2018,"Pensions, retraites, et rentes",PPEN
10,10.1,2018,Revenus du patrimoine,PPAT
10,6.8,2018,Ensemble des prestations sociales,PPSOC
10,2.4,2018,prestations familiales,PPFAM
10,2.7,2018,Minima sociaux,PPMINI
10,1.7,2018,prestations logements,PPLOGT
10,-16.5,2018,Impôts,PIMPOT
11,10220.0,2018,Premier décile,D1
11,33020.0,2018,Neuvième décile,D9
11,3.2,2018,Rapport interdécile (sans unité),RD
11,20.7,2018,taux de pauvreté,TP60
11,60.2,2018,Part des revenus d'activité,PACT
11,50.1,2018,Part des salaires ou traitements hors indemnités de chômage,PTSA
11,3.5,2018,Part des indemnités de chômage,PCHO
11,6.6,2018,revenus des activités non salariées,PBEN
11,37.4,2018,"Pensions, retraites, et rentes",PPEN
11,9.6,2018,Revenus du patrimoine,PPAT
11,8.0,2018,Ensemble des prestations sociales,PPSOC
11,2.3,2018,prestations familiales,PPFAM
11,3.7,2018,Minima sociaux,PPMINI
11,2.0,2018,prestations logements,PPLOGT
11,-15.2,2018,Impôts,PIMPOT
12,11780.0,2018,Premier décile,D1
12,34230.0,2018,Neuvième décile,D9
12,2.9,2018,Rapport interdécile (sans unité),RD
12,14.0,2018,taux de pauvreté,TP60
12,63.5,2018,Part des revenus d'activité,PACT
12,52.5,2018,Part des salaires ou traitements hors indemnités de chômage,PTSA
12,2.3,2018,Part des indemnités de chômage,PCHO
12,8.7,2018,revenus des activités non salariées,PBEN
12,35.1,2018,"Pensions, retraites, et rentes",PPEN
12,11.8,2018,Revenus du patrimoine,PPAT
12,5.2,2018,Ensemble des prestations sociales,PPSOC
12,1.9,2018,prestations familiales,PPFAM
12,2.1,2018,Minima sociaux,PPMINI
12,1.2,2018,prestations logements,PPLOGT
12,-15.6,2018,Impôts,PIMPOT
13,10390.0,2018,Premier décile,D1
13,39770.0,2018,Neuvième décile,D9
13,3.8,2018,Rapport interdécile (sans unité),RD
13,18.7,2018,taux de pauvreté,TP60
13,74.1,2018,Part des revenus d'activité,PACT
13,64.6,2018,Part des salaires ou traitements hors indemnités de chômage,PTSA
13,3.4,2018,Part des indemnités de chômage,PCHO
13,6.1,2018,revenus des activités non salariées,PBEN
13,27.7,2018,"Pensions, retraites, et rentes",PPEN
13,10.7,2018,Revenus du patrimoine,PPAT
13,6.7,2018,Ensemble des prestations sociales,PPSOC
13,2.2,2018,prestations familiales,PPFAM
13,2.8,2018,Minima sociaux,PPMINI
13,1.7,2018,prestations logements,PPLOGT
13,-19.2,2018,Impôts,PIMPOT
14,12270.0,2018,Premier décile,D1
14,36380.0,2018,Neuvième décile,D9
14,3.0,2018,Rapport interdécile (sans unité),RD
14,12.4,2018,taux de pauvreté,TP60
14,70.0,2018,Part des revenus d'activité,PACT
14,61.4,2018,Part des salaires ou traitements hors indemnités de chômage,PTSA
14,2.8,2018,Part des indemnités de chômage,PCHO
14,5.8,2018,revenus des activités non salariées,PBEN
14,32.0,2018,"Pensions, retraites, et rentes",PPEN
14,9.3,2018,Revenus du patrimoine,PPAT
14,5.5,2018,Ensemble des prestations sociales,PPSOC
14,2.1,2018,prestations familiales,PPFAM
14,2.1,2018,Minima sociaux,PPMINI
14,1.3,2018,prestations logements,PPLOGT
14,-16.8,2018,Impôts,PIMPOT
15,12130.0,2018,Premier décile,D1
15,33770.0,2018,Neuvième décile,D9
15,2.8,2018,Rapport interdécile (sans unité),RD
15,13.0,2018,taux de pauvreté,TP60
15,62.9,2018,Part des revenus d'activité,PACT
15,51.5,2018,Part des salaires ou traitements hors indemnités de chômage,PTSA
15,2.1,2018,Part des indemnités de chômage,PCHO
15,9.3,2018,revenus des activités non salariées,PBEN
15,35.5,2018,"Pensions, retraites, et rentes",PPEN
15,12.0,2018,Revenus du patrimoine,PPAT
15,5.0,2018,Ensemble des prestations sociales,PPSOC
15,1.7,2018,prestations familiales,PPFAM
15,2.2,2018,Minima sociaux,PPMINI
15,1.1,2018,prestations logements,PPLOGT
15,-15.4,2018,Impôts,PIMPOT
16,11480.0,2018,Premier décile,D1
16,34570.0,2018,Neuvième décile,D9
16,3.0,2018,Rapport interdécile (sans unité),RD
16,15.0,2018,taux de pauvreté,TP60
16,66.0,2018,Part des revenus d'activité,PACT
16,56.7,2018,Part des salaires ou traitements hors indemnités de chômage,PTSA
16,2.8,2018,Part des indemnités de chômage,PCHO
16,6.5,2018,revenus des activités non salariées,PBEN
16,34.1,2018,"Pensions, retraites, et rentes",PPEN
16,9.6,2018,Revenus du patrimoine,PPAT
16,6.1,2018,Ensemble des prestations sociales,PPSOC
16,1.9,2018,prestations familiales,PPFAM
16,2.7,2018,Minima sociaux,PPMINI
16,1.5,2018,prestations logements,PPLOGT
16,-15.8,2018,Impôts,PIMPOT
17,12150.0,2018,Premier décile,D1
17,36600.0,2018,Neuvième décile,D9
17,3.0,2018,Rapport interdécile (sans unité),RD
17,12.8,2018,taux de pauvreté,TP60
17,61.7,2018,Part des revenus d'activité,PACT
17,51.5,2018,Part des salaires ou traitements hors indemnités de chômage,PTSA
17,3.1,2018,Part des indemnités de chômage,PCHO
17,7.1,2018,revenus des activités non salariées,PBEN
17,38.8,2018,"Pensions, retraites, et rentes",PPEN
17,11.1,2018,Revenus du patrimoine,PPAT
17,5.2,2018,Ensemble des prestations sociales,PPSOC
17,1.8,2018,prestations familiales,PPFAM
17,2.2,2018,Minima sociaux,PPMINI
17,1.2,2018,prestations logements,PPLOGT
17,-16.8,2018,Impôts,PIMPOT
18,11640.0,2018,Premier décile,D1
18,34620.0,2018,Neuvième décile,D9
18,3.0,2018,Rapport interdécile (sans unité),RD
18,14.3,2018,taux de pauvreté,TP60
18,65.2,2018,Part des revenus d'activité,PACT
18,57.0,2018,Part des salaires ou traitements hors indemnités de chômage,PTSA
18,2.5,2018,Part des indemnités de chômage,PCHO
18,5.7,2018,revenus des activités non salariées,PBEN
18,35.6,2018,"Pensions, retraites, et rentes",PPEN
18,9.0,2018,Revenus du patrimoine,PPAT
18,6.1,2018,Ensemble des prestations sociales,PPSOC
18,2.0,2018,prestations familiales,PPFAM
18,2.7,2018,Minima sociaux,PPMINI
18,1.4,2018,prestations logements,PPLOGT
18,-15.9,2018,Impôts,PIMPOT
19,12100.0,2018,Premier décile,D1
19,34620.0,2018,Neuvième décile,D9
19,2.9,2018,Rapport interdécile (sans unité),RD
19,13.1,2018,taux de pauvreté,TP60
19,63.6,2018,Part des revenus d'activité,PACT
19,54.8,2018,Part des salaires ou traitements hors indemnités de chômage,PTSA
19,2.5,2018,Part des indemnités de chômage,PCHO
19,6.3,2018,revenus des activités non salariées,PBEN
19,37.7,2018,"Pensions, retraites, et rentes",PPEN
19,9.6,2018,Revenus du patrimoine,PPAT
19,5.0,2018,Ensemble des prestations sociales,PPSOC
19,1.8,2018,prestations familiales,PPFAM
19,2.0,2018,Minima sociaux,PPMINI
19,1.2,2018,prestations logements,PPLOGT
19,-15.9,2018,Impôts,PIMPOT
21,12590.0,2018,Premier décile,D1
21,38180.0,2018,Neuvième décile,D9
21,3.0,2018,Rapport interdécile (sans unité),RD
21,11.2,2018,taux de pauvreté,TP60
21,72.6,2018,Part des revenus d'activité,PACT
21,63.5,2018,Part des salaires ou traitements hors indemnités de chômage,PTSA
21,2.4,2018,Part des indemnités de chômage,PCHO
21,6.7,2018,revenus des activités non salariées,PBEN
21,30.6,2018,"Pensions, retraites, et rentes",PPEN
21,10.1,2018,Revenus du patrimoine,PPAT
21,4.8,2018,Ensemble des prestations sociales,PPSOC
21,1.9,2018,prestations familiales,PPFAM
21,1.8,2018,Minima sociaux,PPMINI
21,1.1,2018,prestations logements,PPLOGT
21,-18.1,2018,Impôts,PIMPOT
22,12470.0,2018,Premier décile,D1
22,34750.0,2018,Neuvième décile,D9
22,2.8,2018,Rapport interdécile (sans unité),RD
22,11.7,2018,taux de pauvreté,TP60
22,64.3,2018,Part des revenus d'activité,PACT
22,54.6,2018,Part des salaires ou traitements hors indemnités de chômage,PTSA
22,2.7,2018,Part des indemnités de chômage,PCHO
22,7.0,2018,revenus des activités non salariées,PBEN
22,37.0,2018,"Pensions, retraites, et rentes",PPEN
22,9.4,2018,Revenus du patrimoine,PPAT
22,5.3,2018,Ensemble des prestations sociales,PPSOC
22,2.1,2018,prestations familiales,PPFAM
22,2.0,2018,Minima sociaux,PPMINI
22,1.2,2018,prestations logements,PPLOGT
22,-16.0,2018,Impôts,PIMPOT
23,10600.0,2018,Premier décile,D1
23,31910.0,2018,Neuvième décile,D9
23,3.0,2018,Rapport interdécile (sans unité),RD
23,18.7,2018,taux de pauvreté,TP60
23,57.5,2018,Part des revenus d'activité,PACT
23,47.5,2018,Part des salaires ou traitements hors indemnités de chômage,PTSA
23,2.7,2018,Part des indemnités de chômage,PCHO
23,7.3,2018,revenus des activités non salariées,PBEN
23,41.4,2018,"Pensions, retraites, et rentes",PPEN
23,9.2,2018,Revenus du patrimoine,PPAT
23,6.2,2018,Ensemble des prestations sociales,PPSOC
23,1.8,2018,prestations familiales,PPFAM
23,3.0,2018,Minima sociaux,PPMINI
23,1.4,2018,prestations logements,PPLOGT
23,-14.3,2018,Impôts,PIMPOT
24,11160.0,2018,Premier décile,D1
24,33610.0,2018,Neuvième décile,D9
24,3.0,2018,Rapport interdécile (sans unité),RD
24,16.3,2018,taux de pauvreté,TP60
24,59.5,2018,Part des revenus d'activité,PACT
24,50.3,2018,Part des salaires ou traitements hors indemnités de chômage,PTSA
24,3.0,2018,Part des indemnités de chômage,PCHO
24,6.2,2018,revenus des activités non salariées,PBEN
24,40.1,2018,"Pensions, retraites, et rentes",PPEN
24,9.9,2018,Revenus du patrimoine,PPAT
24,5.7,2018,Ensemble des prestations sociales,PPSOC
24,1.9,2018,prestations familiales,PPFAM
24,2.4,2018,Minima sociaux,PPMINI
24,1.4,2018,prestations logements,PPLOGT
24,-15.2,2018,Impôts,PIMPOT
25,12330.0,2018,Premier décile,D1
25,40240.0,2018,Neuvième décile,D9
25,3.3,2018,Rapport interdécile (sans unité),RD
25,12.1,2018,taux de pauvreté,TP60
25,77.4,2018,Part des revenus d'activité,PACT
25,69.4,2018,Part des salaires ou traitements hors indemnités de chômage,PTSA
25,3.0,2018,Part des indemnités de chômage,PCHO
25,5.0,2018,revenus des activités non salariées,PBEN
25,27.0,2018,"Pensions, retraites, et rentes",PPEN
25,7.9,2018,Revenus du patrimoine,PPAT
25,5.3,2018,Ensemble des prestations sociales,PPSOC
25,2.1,2018,prestations familiales,PPFAM
25,2.0,2018,Minima sociaux,PPMINI
25,1.2,2018,prestations logements,PPLOGT
25,-17.6,2018,Impôts,PIMPOT
26,11530.0,2018,Premier décile,D1
26,36310.0,2018,Neuvième décile,D9
26,3.2,2018,Rapport interdécile (sans unité),RD
26,14.8,2018,taux de pauvreté,TP60
26,68.7,2018,Part des revenus d'activité,PACT
26,59.5,2018,Part des salaires ou traitements hors indemnités de chômage,PTSA
26,3.3,2018,Part des indemnités de chômage,PCHO
26,5.9,2018,revenus des activités non salariées,PBEN
26,30.9,2018,"Pensions, retraites, et rentes",PPEN
26,11.1,2018,Revenus du patrimoine,PPAT
26,5.9,2018,Ensemble des prestations sociales,PPSOC
26,2.4,2018,prestations familiales,PPFAM
26,2.1,2018,Minima sociaux,PPMINI
26,1.4,2018,prestations logements,PPLOGT
26,-16.6,2018,Impôts,PIMPOT
27,12170.0,2018,Premier décile,D1
27,35620.0,2018,Neuvième décile,D9
27,2.9,2018,Rapport interdécile (sans unité),RD
27,12.5,2018,taux de pauvreté,TP60
27,73.0,2018,Part des revenus d'activité,PACT
27,65.6,2018,Part des salaires ou traitements hors indemnités de chômage,PTSA
27,3.0,2018,Part des indemnités de chômage,PCHO
27,4.4,2018,revenus des activités non salariées,PBEN
27,29.4,2018,"Pensions, retraites, et rentes",PPEN
27,7.8,2018,Revenus du patrimoine,PPAT
27,6.0,2018,Ensemble des prestations sociales,PPSOC
27,2.5,2018,prestations familiales,PPFAM
27,2.2,2018,Minima sociaux,PPMINI
27,1.3,2018,prestations logements,PPLOGT
27,-16.2,2018,Impôts,PIMPOT
28,12340.0,2018,Premier décile,D1
28,36330.0,2018,Neuvième décile,D9
28,2.9,2018,Rapport interdécile (sans unité),RD
28,12.0,2018,taux de pauvreté,TP60
28,73.3,2018,Part des revenus d'activité,PACT
28,65.2,2018,Part des salaires ou traitements hors indemnités de chômage,PTSA
28,2.9,2018,Part des indemnités de chômage,PCHO
28,5.2,2018,revenus des activités non salariées,PBEN
28,29.9,2018,"Pensions, retraites, et rentes",PPEN
28,8.2,2018,Revenus du patrimoine,PPAT
28,5.3,2018,Ensemble des prestations sociales,PPSOC
28,2.5,2018,prestations familiales,PPFAM
28,1.7,2018,Minima sociaux,PPMINI
28,1.1,2018,prestations logements,PPLOGT
28,-16.7,2018,Impôts,PIMPOT
29,12840.0,2018,Premier décile,D1
29,35630.0,2018,Neuvième décile,D9
29,2.8,2018,Rapport interdécile (sans unité),RD
29,10.6,2018,taux de pauvreté,TP60
29,67.3,2018,Part des revenus d'activité,PACT
29,58.1,2018,Part des salaires ou traitements hors indemnités de chômage,PTSA
29,2.9,2018,Part des indemnités de chômage,PCHO
29,6.3,2018,revenus des activités non salariées,PBEN
29,35.0,2018,"Pensions, retraites, et rentes",PPEN
29,9.1,2018,Revenus du patrimoine,PPAT
29,5.1,2018,Ensemble des prestations sociales,PPSOC
29,2.0,2018,prestations familiales,PPFAM
29,2.0,2018,Minima sociaux,PPMINI
29,1.1,2018,prestations logements,PPLOGT
29,-16.5,2018,Impôts,PIMPOT
30,10340.0,2018,Premier décile,D1
30,35340.0,2018,Neuvième décile,D9
30,3.4,2018,Rapport interdécile (sans unité),RD
30,19.8,2018,taux de pauvreté,TP60
30,66.1,2018,Part des revenus d'activité,PACT
30,56.5,2018,Part des salaires ou traitements hors indemnités de chômage,PTSA
30,3.5,2018,Part des indemnités de chômage,PCHO
30,6.1,2018,revenus des activités non salariées,PBEN
30,33.0,2018,"Pensions, retraites, et rentes",PPEN
30,10.2,2018,Revenus du patrimoine,PPAT
30,7.3,2018,Ensemble des prestations sociales,PPSOC
30,2.4,2018,prestations familiales,PPFAM
30,3.1,2018,Minima sociaux,PPMINI
30,1.8,2018,prestations logements,PPLOGT
30,-16.6,2018,Impôts,PIMPOT
31,11880.0,2018,Premier décile,D1
31,41380.0,2018,Neuvième décile,D9
31,3.5,2018,Rapport interdécile (sans unité),RD
31,13.3,2018,taux de pauvreté,TP60
31,80.5,2018,Part des revenus d'activité,PACT
31,72.0,2018,Part des salaires ou traitements hors indemnités de chômage,PTSA
31,3.0,2018,Part des indemnités de chômage,PCHO
31,5.5,2018,revenus des activités non salariées,PBEN
31,23.3,2018,"Pensions, retraites, et rentes",PPEN
31,9.7,2018,Revenus du patrimoine,PPAT
31,5.6,2018,Ensemble des prestations sociales,PPSOC
31,2.0,2018,prestations familiales,PPFAM
31,2.2,2018,Minima sociaux,PPMINI
31,1.4,2018,prestations logements,PPLOGT
31,-19.1,2018,Impôts,PIMPOT
32,11480.0,2018,Premier décile,D1
32,35370.0,2018,Neuvième décile,D9
32,3.1,2018,Rapport interdécile (sans unité),RD
32,14.9,2018,taux de pauvreté,TP60
32,64.2,2018,Part des revenus d'activité,PACT
32,53.8,2018,Part des salaires ou traitements hors indemnités de chômage,PTSA
32,2.6,2018,Part des indemnités de chômage,PCHO
32,7.8,2018,revenus des activités non salariées,PBEN
32,34.9,2018,"Pensions, retraites, et rentes",PPEN
32,11.3,2018,Revenus du patrimoine,PPAT
32,5.3,2018,Ensemble des prestations sociales,PPSOC
32,1.8,2018,prestations familiales,PPFAM
32,2.3,2018,Minima sociaux,PPMINI
32,1.2,2018,prestations logements,PPLOGT
32,-15.7,2018,Impôts,PIMPOT
33,12090.0,2018,Premier décile,D1
33,39330.0,2018,Neuvième décile,D9
33,3.3,2018,Rapport interdécile (sans unité),RD
33,12.6,2018,taux de pauvreté,TP60
33,76.1,2018,Part des revenus d'activité,PACT
33,66.6,2018,Part des salaires ou traitements hors indemnités de chômage,PTSA
33,3.3,2018,Part des indemnités de chômage,PCHO
33,6.2,2018,revenus des activités non salariées,PBEN
33,27.7,2018,"Pensions, retraites, et rentes",PPEN
33,9.6,2018,Revenus du patrimoine,PPAT
33,5.2,2018,Ensemble des prestations sociales,PPSOC
33,1.8,2018,prestations familiales,PPFAM
33,2.1,2018,Minima sociaux,PPMINI
33,1.3,2018,prestations logements,PPLOGT
33,-18.6,2018,Impôts,PIMPOT
34,10300.0,2018,Premier décile,D1
34,37080.0,2018,Neuvième décile,D9
34,3.6,2018,Rapport interdécile (sans unité),RD
34,19.7,2018,taux de pauvreté,TP60
34,68.8,2018,Part des revenus d'activité,PACT
34,57.9,2018,Part des salaires ou traitements hors indemnités de chômage,PTSA
34,3.8,2018,Part des indemnités de chômage,PCHO
34,7.1,2018,revenus des activités non salariées,PBEN
34,31.4,2018,"Pensions, retraites, et rentes",PPEN
34,10.6,2018,Revenus du patrimoine,PPAT
34,7.0,2018,Ensemble des prestations sociales,PPSOC
34,2.2,2018,prestations familiales,PPFAM
34,3.0,2018,Minima sociaux,PPMINI
34,1.8,2018,prestations logements,PPLOGT
34,-17.8,2018,Impôts,PIMPOT
35,12860.0,2018,Premier décile,D1
35,37370.0,2018,Neuvième décile,D9
35,2.9,2018,Rapport interdécile (sans unité),RD
35,10.5,2018,taux de pauvreté,TP60
35,76.2,2018,Part des revenus d'activité,PACT
35,68.2,2018,Part des salaires ou traitements hors indemnités de chômage,PTSA
35,2.7,2018,Part des indemnités de chômage,PCHO
35,5.3,2018,revenus des activités non salariées,PBEN
35,26.4,2018,"Pensions, retraites, et rentes",PPEN
35,9.7,2018,Revenus du patrimoine,PPAT
35,5.3,2018,Ensemble des prestations sociales,PPSOC
35,2.3,2018,prestations familiales,PPFAM
35,1.8,2018,Minima sociaux,PPMINI
35,1.2,2018,prestations logements,PPLOGT
35,-17.6,2018,Impôts,PIMPOT
36,11690.0,2018,Premier décile,D1
36,32620.0,2018,Neuvième décile,D9
36,2.8,2018,Rapport interdécile (sans unité),RD
36,14.5,2018,taux de pauvreté,TP60
36,61.9,2018,Part des revenus d'activité,PACT
36,53.9,2018,Part des salaires ou traitements hors indemnités de chômage,PTSA
36,2.6,2018,Part des indemnités de chômage,PCHO
36,5.4,2018,revenus des activités non salariées,PBEN
36,38.2,2018,"Pensions, retraites, et rentes",PPEN
36,8.9,2018,Revenus du patrimoine,PPAT
36,5.9,2018,Ensemble des prestations sociales,PPSOC
36,1.9,2018,prestations familiales,PPFAM
36,2.6,2018,Minima sociaux,PPMINI
36,1.4,2018,prestations logements,PPLOGT
36,-14.9,2018,Impôts,PIMPOT
37,12030.0,2018,Premier décile,D1
37,37140.0,2018,Neuvième décile,D9
37,3.1,2018,Rapport interdécile (sans unité),RD
37,13.0,2018,taux de pauvreté,TP60
37,71.7,2018,Part des revenus d'activité,PACT
37,64.0,2018,Part des salaires ou traitements hors indemnités de chômage,PTSA
37,2.8,2018,Part des indemnités de chômage,PCHO
37,4.9,2018,revenus des activités non salariées,PBEN
37,31.1,2018,"Pensions, retraites, et rentes",PPEN
37,8.9,2018,Revenus du patrimoine,PPAT
37,5.5,2018,Ensemble des prestations sociales,PPSOC
37,2.1,2018,prestations familiales,PPFAM
37,2.1,2018,Minima sociaux,PPMINI
37,1.3,2018,prestations logements,PPLOGT
37,-17.2,2018,Impôts,PIMPOT
38,12550.0,2018,Premier décile,D1
38,39200.0,2018,Neuvième décile,D9
38,3.1,2018,Rapport interdécile (sans unité),RD
38,11.3,2018,taux de pauvreté,TP60
38,76.1,2018,Part des revenus d'activité,PACT
38,68.9,2018,Part des salaires ou traitements hors indemnités de chômage,PTSA
38,2.8,2018,Part des indemnités de chômage,PCHO
38,4.4,2018,revenus des activités non salariées,PBEN
38,26.7,2018,"Pensions, retraites, et rentes",PPEN
38,10.0,2018,Revenus du patrimoine,PPAT
38,4.9,2018,Ensemble des prestations sociales,PPSOC
38,2.2,2018,prestations familiales,PPFAM
38,1.6,2018,Minima sociaux,PPMINI
38,1.1,2018,prestations logements,PPLOGT
38,-17.7,2018,Impôts,PIMPOT
39,12470.0,2018,Premier décile,D1
39,36580.0,2018,Neuvième décile,D9
39,2.9,2018,Rapport interdécile (sans unité),RD
39,11.8,2018,taux de pauvreté,TP60
39,70.7,2018,Part des revenus d'activité,PACT
39,63.0,2018,Part des salaires ou traitements hors indemnités de chômage,PTSA
39,2.7,2018,Part des indemnités de chômage,PCHO
39,5.0,2018,revenus des activités non salariées,PBEN
39,32.3,2018,"Pensions, retraites, et rentes",PPEN
39,8.3,2018,Revenus du patrimoine,PPAT
39,4.9,2018,Ensemble des prestations sociales,PPSOC
39,2.0,2018,prestations familiales,PPFAM
39,1.8,2018,Minima sociaux,PPMINI
39,1.1,2018,prestations logements,PPLOGT
39,-16.2,2018,Impôts,PIMPOT
40,12440.0,2018,Premier décile,D1
40,35240.0,2018,Neuvième décile,D9
40,2.8,2018,Rapport interdécile (sans unité),RD
40,11.8,2018,taux de pauvreté,TP60
40,65.4,2018,Part des revenus d'activité,PACT
40,56.0,2018,Part des salaires ou traitements hors indemnités de chômage,PTSA
40,3.2,2018,Part des indemnités de chômage,PCHO
40,6.2,2018,revenus des activités non salariées,PBEN
40,35.9,2018,"Pensions, retraites, et rentes",PPEN
40,10.2,2018,Revenus du patrimoine,PPAT
40,4.8,2018,Ensemble des prestations sociales,PPSOC
40,1.8,2018,prestations familiales,PPFAM
40,1.9,2018,Minima sociaux,PPMINI
40,1.1,2018,prestations logements,PPLOGT
40,-16.3,2018,Impôts,PIMPOT
41,12170.0,2018,Premier décile,D1
41,35100.0,2018,Neuvième décile,D9
41,2.9,2018,Rapport interdécile (sans unité),RD
41,12.6,2018,taux de pauvreté,TP60
41,66.9,2018,Part des revenus d'activité,PACT
41,59.0,2018,Part des salaires ou traitements hors indemnités de chômage,PTSA
41,2.8,2018,Part des indemnités de chômage,PCHO
41,5.1,2018,revenus des activités non salariées,PBEN
41,35.1,2018,"Pensions, retraites, et rentes",PPEN
41,8.9,2018,Revenus du patrimoine,PPAT
41,5.2,2018,Ensemble des prestations sociales,PPSOC
41,2.1,2018,prestations familiales,PPFAM
41,2.0,2018,Minima sociaux,PPMINI
41,1.1,2018,prestations logements,PPLOGT
41,-16.1,2018,Impôts,PIMPOT
42,11490.0,2018,Premier décile,D1
42,34680.0,2018,Neuvième décile,D9
42,3.0,2018,Rapport interdécile (sans unité),RD
42,15.0,2018,taux de pauvreté,TP60
42,68.5,2018,Part des revenus d'activité,PACT
42,60.9,2018,Part des salaires ou traitements hors indemnités de chômage,PTSA
42,2.8,2018,Part des indemnités de chômage,PCHO
42,4.8,2018,revenus des activités non salariées,PBEN
42,31.4,2018,"Pensions, retraites, et rentes",PPEN
42,9.9,2018,Revenus du patrimoine,PPAT
42,6.3,2018,Ensemble des prestations sociales,PPSOC
42,2.5,2018,prestations familiales,PPFAM
42,2.3,2018,Minima sociaux,PPMINI
42,1.5,2018,prestations logements,PPLOGT
42,-16.1,2018,Impôts,PIMPOT
43,12370.0,2018,Premier décile,D1
43,33500.0,2018,Neuvième décile,D9
43,2.7,2018,Rapport interdécile (sans unité),RD
43,12.1,2018,taux de pauvreté,TP60
43,65.9,2018,Part des revenus d'activité,PACT
43,56.4,2018,Part des salaires ou traitements hors indemnités de chômage,PTSA
43,2.6,2018,Part des indemnités de chômage,PCHO
43,6.9,2018,revenus des activités non salariées,PBEN
43,32.9,2018,"Pensions, retraites, et rentes",PPEN
43,10.7,2018,Revenus du patrimoine,PPAT
43,5.6,2018,Ensemble des prestations sociales,PPSOC
43,2.2,2018,prestations familiales,PPFAM
43,2.2,2018,Minima sociaux,PPMINI
43,1.2,2018,prestations logements,PPLOGT
43,-15.1,2018,Impôts,PIMPOT
44,12930.0,2018,Premier décile,D1
44,38000.0,2018,Neuvième décile,D9
44,2.9,2018,Rapport interdécile (sans unité),RD
44,10.3,2018,taux de pauvreté,TP60
44,76.4,2018,Part des revenus d'activité,PACT
44,68.6,2018,Part des salaires ou traitements hors indemnités de chômage,PTSA
44,2.9,2018,Part des indemnités de chômage,PCHO
44,4.9,2018,revenus des activités non salariées,PBEN
44,26.9,2018,"Pensions, retraites, et rentes",PPEN
44,9.4,2018,Revenus du patrimoine,PPAT
44,5.1,2018,Ensemble des prestations sociales,PPSOC
44,2.2,2018,prestations familiales,PPFAM
44,1.8,2018,Minima sociaux,PPMINI
44,1.1,2018,prestations logements,PPLOGT
44,-17.8,2018,Impôts,PIMPOT
45,11930.0,2018,Premier décile,D1
45,36930.0,2018,Neuvième décile,D9
45,3.1,2018,Rapport interdécile (sans unité),RD
45,13.2,2018,taux de pauvreté,TP60
45,72.8,2018,Part des revenus d'activité,PACT
45,65.8,2018,Part des salaires ou traitements hors indemnités de chômage,PTSA
45,2.8,2018,Part des indemnités de chômage,PCHO
45,4.2,2018,revenus des activités non salariées,PBEN
45,30.2,2018,"Pensions, retraites, et rentes",PPEN
45,8.7,2018,Revenus du patrimoine,PPAT
45,5.5,2018,Ensemble des prestations sociales,PPSOC
45,2.4,2018,prestations familiales,PPFAM
45,1.8,2018,Minima sociaux,PPMINI
45,1.3,2018,prestations logements,PPLOGT
45,-17.2,2018,Impôts,PIMPOT
46,11460.0,2018,Premier décile,D1
46,34840.0,2018,Neuvième décile,D9
46,3.0,2018,Rapport interdécile (sans unité),RD
46,15.0,2018,taux de pauvreté,TP60
46,58.6,2018,Part des revenus d'activité,PACT
46,48.7,2018,Part des salaires ou traitements hors indemnités de chômage,PTSA
46,2.8,2018,Part des indemnités de chômage,PCHO
46,7.1,2018,revenus des activités non salariées,PBEN
46,41.2,2018,"Pensions, retraites, et rentes",PPEN
46,11.0,2018,Revenus du patrimoine,PPAT
46,5.0,2018,Ensemble des prestations sociales,PPSOC
46,1.7,2018,prestations familiales,PPFAM
46,2.2,2018,Minima sociaux,PPMINI
46,1.1,2018,prestations logements,PPLOGT
46,-15.8,2018,Impôts,PIMPOT
47,11120.0,2018,Premier décile,D1
47,33710.0,2018,Neuvième décile,D9
47,3.0,2018,Rapport interdécile (sans unité),RD
47,17.0,2018,taux de pauvreté,TP60
47,63.8,2018,Part des revenus d'activité,PACT
47,54.0,2018,Part des salaires ou traitements hors indemnités de chômage,PTSA
47,3.2,2018,Part des indemnités de chômage,PCHO
47,6.6,2018,revenus des activités non salariées,PBEN
47,35.4,2018,"Pensions, retraites, et rentes",PPEN
47,10.1,2018,Revenus du patrimoine,PPAT
47,6.3,2018,Ensemble des prestations sociales,PPSOC
47,2.2,2018,prestations familiales,PPFAM
47,2.6,2018,Minima sociaux,PPMINI
47,1.5,2018,prestations logements,PPLOGT
47,-15.6,2018,Impôts,PIMPOT
48,11720.0,2018,Premier décile,D1
48,33340.0,2018,Neuvième décile,D9
48,2.8,2018,Rapport interdécile (sans unité),RD
48,14.5,2018,taux de pauvreté,TP60
48,64.7,2018,Part des revenus d'activité,PACT
48,53.5,2018,Part des salaires ou traitements hors indemnités de chômage,PTSA
48,2.4,2018,Part des indemnités de chômage,PCHO
48,8.8,2018,revenus des activités non salariées,PBEN
48,34.3,2018,"Pensions, retraites, et rentes",PPEN
48,10.5,2018,Revenus du patrimoine,PPAT
48,5.5,2018,Ensemble des prestations sociales,PPSOC
48,2.0,2018,prestations familiales,PPFAM
48,2.3,2018,Minima sociaux,PPMINI
48,1.2,2018,prestations logements,PPLOGT
48,-15.0,2018,Impôts,PIMPOT
49,12560.0,2018,Premier décile,D1
49,34540.0,2018,Neuvième décile,D9
49,2.7,2018,Rapport interdécile (sans unité),RD
49,11.4,2018,taux de pauvreté,TP60
49,72.5,2018,Part des revenus d'activité,PACT
49,64.2,2018,Part des salaires ou traitements hors indemnités de chômage,PTSA
49,2.8,2018,Part des indemnités de chômage,PCHO
49,5.5,2018,revenus des activités non salariées,PBEN
49,29.0,2018,"Pensions, retraites, et rentes",PPEN
49,8.6,2018,Revenus du patrimoine,PPAT
49,5.7,2018,Ensemble des prestations sociales,PPSOC
49,2.6,2018,prestations familiales,PPFAM
49,1.8,2018,Minima sociaux,PPMINI
49,1.3,2018,prestations logements,PPLOGT
49,-15.8,2018,Impôts,PIMPOT
50,12400.0,2018,Premier décile,D1
50,34300.0,2018,Neuvième décile,D9
50,2.8,2018,Rapport interdécile (sans unité),RD
50,12.0,2018,taux de pauvreté,TP60
50,66.4,2018,Part des revenus d'activité,PACT
50,57.6,2018,Part des salaires ou traitements hors indemnités de chômage,PTSA
50,2.5,2018,Part des indemnités de chômage,PCHO
50,6.3,2018,revenus des activités non salariées,PBEN
50,34.6,2018,"Pensions, retraites, et rentes",PPEN
50,9.0,2018,Revenus du patrimoine,PPAT
50,5.4,2018,Ensemble des prestations sociales,PPSOC
50,2.1,2018,prestations familiales,PPFAM
50,2.1,2018,Minima sociaux,PPMINI
50,1.2,2018,prestations logements,PPLOGT
50,-15.4,2018,Impôts,PIMPOT
51,11620.0,2018,Premier décile,D1
51,39040.0,2018,Neuvième décile,D9
51,3.4,2018,Rapport interdécile (sans unité),RD
51,14.4,2018,taux de pauvreté,TP60
51,74.2,2018,Part des revenus d'activité,PACT
51,62.0,2018,Part des salaires ou traitements hors indemnités de chômage,PTSA
51,2.6,2018,Part des indemnités de chômage,PCHO
51,9.6,2018,revenus des activités non salariées,PBEN
51,27.7,2018,"Pensions, retraites, et rentes",PPEN
51,10.9,2018,Revenus du patrimoine,PPAT
51,5.6,2018,Ensemble des prestations sociales,PPSOC
51,2.1,2018,prestations familiales,PPFAM
51,2.1,2018,Minima sociaux,PPMINI
51,1.4,2018,prestations logements,PPLOGT
51,-18.4,2018,Impôts,PIMPOT
52,11580.0,2018,Premier décile,D1
52,32600.0,2018,Neuvième décile,D9
52,2.8,2018,Rapport interdécile (sans unité),RD
52,14.9,2018,taux de pauvreté,TP60
52,64.4,2018,Part des revenus d'activité,PACT
52,55.9,2018,Part des salaires ou traitements hors indemnités de chômage,PTSA
52,2.7,2018,Part des indemnités de chômage,PCHO
52,5.8,2018,revenus des activités non salariées,PBEN
52,35.6,2018,"Pensions, retraites, et rentes",PPEN
52,8.7,2018,Revenus du patrimoine,PPAT
52,6.2,2018,Ensemble des prestations sociales,PPSOC
52,2.2,2018,prestations familiales,PPFAM
52,2.6,2018,Minima sociaux,PPMINI
52,1.4,2018,prestations logements,PPLOGT
52,-14.9,2018,Impôts,PIMPOT
53,12560.0,2018,Premier décile,D1
53,32940.0,2018,Neuvième décile,D9
53,2.6,2018,Rapport interdécile (sans unité),RD
53,11.5,2018,taux de pauvreté,TP60
53,70.3,2018,Part des revenus d'activité,PACT
53,62.2,2018,Part des salaires ou traitements hors indemnités de chômage,PTSA
53,2.4,2018,Part des indemnités de chômage,PCHO
53,5.7,2018,revenus des activités non salariées,PBEN
53,30.5,2018,"Pensions, retraites, et rentes",PPEN
53,9.1,2018,Revenus du patrimoine,PPAT
53,5.4,2018,Ensemble des prestations sociales,PPSOC
53,2.7,2018,prestations familiales,PPFAM
53,1.6,2018,Minima sociaux,PPMINI
53,1.1,2018,prestations logements,PPLOGT
53,-15.3,2018,Impôts,PIMPOT
54,11220.0,2018,Premier décile,D1
54,37350.0,2018,Neuvième décile,D9
54,3.3,2018,Rapport interdécile (sans unité),RD
54,15.4,2018,taux de pauvreté,TP60
54,66.7,2018,Part des revenus d'activité,PACT
54,59.0,2018,Part des salaires ou traitements hors indemnités de chômage,PTSA
54,2.7,2018,Part des indemnités de chômage,PCHO
54,5.0,2018,revenus des activités non salariées,PBEN
54,29.0,2018,"Pensions, retraites, et rentes",PPEN
54,14.6,2018,Revenus du patrimoine,PPAT
54,5.9,2018,Ensemble des prestations sociales,PPSOC
54,2.0,2018,prestations familiales,PPFAM
54,2.4,2018,Minima sociaux,PPMINI
54,1.5,2018,prestations logements,PPLOGT
54,-16.2,2018,Impôts,PIMPOT
55,11650.0,2018,Premier décile,D1
55,33510.0,2018,Neuvième décile,D9
55,2.9,2018,Rapport interdécile (sans unité),RD
55,14.5,2018,taux de pauvreté,TP60
55,65.5,2018,Part des revenus d'activité,PACT
55,56.7,2018,Part des salaires ou traitements hors indemnités de chômage,PTSA
55,2.6,2018,Part des indemnités de chômage,PCHO
55,6.2,2018,revenus des activités non salariées,PBEN
55,33.0,2018,"Pensions, retraites, et rentes",PPEN
55,10.4,2018,Revenus du patrimoine,PPAT
55,5.9,2018,Ensemble des prestations sociales,PPSOC
55,2.2,2018,prestations familiales,PPFAM
55,2.4,2018,Minima sociaux,PPMINI
55,1.3,2018,prestations logements,PPLOGT
55,-14.8,2018,Impôts,PIMPOT
56,12640.0,2018,Premier décile,D1
56,35900.0,2018,Neuvième décile,D9
56,2.8,2018,Rapport interdécile (sans unité),RD
56,11.2,2018,taux de pauvreté,TP60
56,65.2,2018,Part des revenus d'activité,PACT
56,56.0,2018,Part des salaires ou traitements hors indemnités de chômage,PTSA
56,2.9,2018,Part des indemnités de chômage,PCHO
56,6.3,2018,revenus des activités non salariées,PBEN
56,36.4,2018,"Pensions, retraites, et rentes",PPEN
56,10.0,2018,Revenus du patrimoine,PPAT
56,4.9,2018,Ensemble des prestations sociales,PPSOC
56,2.0,2018,prestations familiales,PPFAM
56,1.8,2018,Minima sociaux,PPMINI
56,1.1,2018,prestations logements,PPLOGT
56,-16.5,2018,Impôts,PIMPOT
57,11290.0,2018,Premier décile,D1
57,39190.0,2018,Neuvième décile,D9
57,3.5,2018,Rapport interdécile (sans unité),RD
57,15.3,2018,taux de pauvreté,TP60
57,60.9,2018,Part des revenus d'activité,PACT
57,54.0,2018,Part des salaires ou traitements hors indemnités de chômage,PTSA
57,2.8,2018,Part des indemnités de chômage,PCHO
57,4.1,2018,revenus des activités non salariées,PBEN
57,27.5,2018,"Pensions, retraites, et rentes",PPEN
57,20.9,2018,Revenus du patrimoine,PPAT
57,5.2,2018,Ensemble des prestations sociales,PPSOC
57,1.8,2018,prestations familiales,PPFAM
57,2.1,2018,Minima sociaux,PPMINI
57,1.3,2018,prestations logements,PPLOGT
57,-14.5,2018,Impôts,PIMPOT
58,11320.0,2018,Premier décile,D1
58,33100.0,2018,Neuvième décile,D9
58,2.9,2018,Rapport interdécile (sans unité),RD
58,15.7,2018,taux de pauvreté,TP60
58,59.0,2018,Part des revenus d'activité,PACT
58,50.9,2018,Part des salaires ou traitements hors indemnités de chômage,PTSA
58,2.3,2018,Part des indemnités de chômage,PCHO
58,5.8,2018,revenus des activités non salariées,PBEN
58,41.3,2018,"Pensions, retraites, et rentes",PPEN
58,8.8,2018,Revenus du patrimoine,PPAT
58,6.3,2018,Ensemble des prestations sociales,PPSOC
58,1.9,2018,prestations familiales,PPFAM
58,3.0,2018,Minima sociaux,PPMINI
58,1.4,2018,prestations logements,PPLOGT
58,-15.4,2018,Impôts,PIMPOT
59,10650.0,2018,Premier décile,D1
59,35850.0,2018,Neuvième décile,D9
59,3.4,2018,Rapport interdécile (sans unité),RD
59,19.1,2018,taux de pauvreté,TP60
59,74.2,2018,Part des revenus d'activité,PACT
59,65.9,2018,Part des salaires ou traitements hors indemnités de chômage,PTSA
59,3.2,2018,Part des indemnités de chômage,PCHO
59,5.1,2018,revenus des activités non salariées,PBEN
59,26.2,2018,"Pensions, retraites, et rentes",PPEN
59,8.2,2018,Revenus du patrimoine,PPAT
59,8.0,2018,Ensemble des prestations sociales,PPSOC
59,2.8,2018,prestations familiales,PPFAM
59,3.3,2018,Minima sociaux,PPMINI
59,1.9,2018,prestations logements,PPLOGT
59,-16.6,2018,Impôts,PIMPOT
60,12030.0,2018,Premier décile,D1
60,37560.0,2018,Neuvième décile,D9
60,3.1,2018,Rapport interdécile (sans unité),RD
60,12.9,2018,taux de pauvreté,TP60
60,77.7,2018,Part des revenus d'activité,PACT
60,70.4,2018,Part des salaires ou traitements hors indemnités de chômage,PTSA
60,2.9,2018,Part des indemnités de chômage,PCHO
60,4.4,2018,revenus des activités non salariées,PBEN
60,26.3,2018,"Pensions, retraites, et rentes",PPEN
60,8.0,2018,Revenus du patrimoine,PPAT
60,5.6,2018,Ensemble des prestations sociales,PPSOC
60,2.5,2018,prestations familiales,PPFAM
60,2.0,2018,Minima sociaux,PPMINI
60,1.1,2018,prestations logements,PPLOGT
60,-17.6,2018,Impôts,PIMPOT
61,11400.0,2018,Premier décile,D1
61,32520.0,2018,Neuvième décile,D9
61,2.9,2018,Rapport interdécile (sans unité),RD
61,15.4,2018,taux de pauvreté,TP60
61,62.6,2018,Part des revenus d'activité,PACT
61,54.1,2018,Part des salaires ou traitements hors indemnités de chômage,PTSA
61,2.6,2018,Part des indemnités de chômage,PCHO
61,5.9,2018,revenus des activités non salariées,PBEN
61,36.2,2018,"Pensions, retraites, et rentes",PPEN
61,10.6,2018,Revenus du patrimoine,PPAT
61,5.9,2018,Ensemble des prestations sociales,PPSOC
61,2.3,2018,prestations familiales,PPFAM
61,2.2,2018,Minima sociaux,PPMINI
61,1.4,2018,prestations logements,PPLOGT
61,-15.3,2018,Impôts,PIMPOT
62,10810.0,2018,Premier décile,D1
62,32400.0,2018,Neuvième décile,D9
62,3.0,2018,Rapport interdécile (sans unité),RD
62,19.3,2018,taux de pauvreté,TP60
62,70.6,2018,Part des revenus d'activité,PACT
62,62.4,2018,Part des salaires ou traitements hors indemnités de chômage,PTSA
62,3.1,2018,Part des indemnités de chômage,PCHO
62,5.1,2018,revenus des activités non salariées,PBEN
62,29.2,2018,"Pensions, retraites, et rentes",PPEN
62,7.2,2018,Revenus du patrimoine,PPAT
62,8.3,2018,Ensemble des prestations sociales,PPSOC
62,3.0,2018,prestations familiales,PPFAM
62,3.3,2018,Minima sociaux,PPMINI
62,2.0,2018,prestations logements,PPLOGT
62,-15.3,2018,Impôts,PIMPOT
63,11930.0,2018,Premier décile,D1
63,37300.0,2018,Neuvième décile,D9
63,3.1,2018,Rapport interdécile (sans unité),RD
63,13.2,2018,taux de pauvreté,TP60
63,71.0,2018,Part des revenus d'activité,PACT
63,63.1,2018,Part des salaires ou traitements hors indemnités de chômage,PTSA
63,2.6,2018,Part des indemnités de chômage,PCHO
63,5.3,2018,revenus des activités non salariées,PBEN
63,31.2,2018,"Pensions, retraites, et rentes",PPEN
63,10.1,2018,Revenus du patrimoine,PPAT
63,5.0,2018,Ensemble des prestations sociales,PPSOC
63,1.9,2018,prestations familiales,PPFAM
63,1.9,2018,Minima sociaux,PPMINI
63,1.2,2018,prestations logements,PPLOGT
63,-17.3,2018,Impôts,PIMPOT
64,12260.0,2018,Premier décile,D1
64,38350.0,2018,Neuvième décile,D9
64,3.1,2018,Rapport interdécile (sans unité),RD
64,12.3,2018,taux de pauvreté,TP60
64,67.6,2018,Part des revenus d'activité,PACT
64,58.7,2018,Part des salaires ou traitements hors indemnités de chômage,PTSA
64,2.9,2018,Part des indemnités de chômage,PCHO
64,6.0,2018,revenus des activités non salariées,PBEN
64,33.7,2018,"Pensions, retraites, et rentes",PPEN
64,11.4,2018,Revenus du patrimoine,PPAT
64,5.0,2018,Ensemble des prestations sociales,PPSOC
64,1.7,2018,prestations familiales,PPFAM
64,2.1,2018,Minima sociaux,PPMINI
64,1.2,2018,prestations logements,PPLOGT
64,-17.7,2018,Impôts,PIMPOT
65,11460.0,2018,Premier décile,D1
65,33500.0,2018,Neuvième décile,D9
65,2.9,2018,Rapport interdécile (sans unité),RD
65,15.4,2018,taux de pauvreté,TP60
65,63.3,2018,Part des revenus d'activité,PACT
65,53.8,2018,Part des salaires ou traitements hors indemnités de chômage,PTSA
65,3.2,2018,Part des indemnités de chômage,PCHO
65,6.3,2018,revenus des activités non salariées,PBEN
65,37.7,2018,"Pensions, retraites, et rentes",PPEN
65,8.4,2018,Revenus du patrimoine,PPAT
65,6.0,2018,Ensemble des prestations sociales,PPSOC
65,1.9,2018,prestations familiales,PPFAM
65,2.7,2018,Minima sociaux,PPMINI
65,1.4,2018,prestations logements,PPLOGT
65,-15.4,2018,Impôts,PIMPOT
66,10190.0,2018,Premier décile,D1
66,33910.0,2018,Neuvième décile,D9
66,3.3,2018,Rapport interdécile (sans unité),RD
66,21.0,2018,taux de pauvreté,TP60
66,60.1,2018,Part des revenus d'activité,PACT
66,49.4,2018,Part des salaires ou traitements hors indemnités de chômage,PTSA
66,3.7,2018,Part des indemnités de chômage,PCHO
66,7.0,2018,revenus des activités non salariées,PBEN
66,38.0,2018,"Pensions, retraites, et rentes",PPEN
66,10.6,2018,Revenus du patrimoine,PPAT
66,7.7,2018,Ensemble des prestations sociales,PPSOC
66,2.2,2018,prestations familiales,PPFAM
66,3.5,2018,Minima sociaux,PPMINI
66,2.0,2018,prestations logements,PPLOGT
66,-16.4,2018,Impôts,PIMPOT
67,11710.0,2018,Premier décile,D1
67,39700.0,2018,Neuvième décile,D9
67,3.4,2018,Rapport interdécile (sans unité),RD
67,13.7,2018,taux de pauvreté,TP60
67,77.1,2018,Part des revenus d'activité,PACT
67,69.4,2018,Part des salaires ou traitements hors indemnités de chômage,PTSA
67,2.7,2018,Part des indemnités de chômage,PCHO
67,5.0,2018,revenus des activités non salariées,PBEN
67,26.9,2018,"Pensions, retraites, et rentes",PPEN
67,9.6,2018,Revenus du patrimoine,PPAT
67,4.9,2018,Ensemble des prestations sociales,PPSOC
67,1.9,2018,prestations familiales,PPFAM
67,1.8,2018,Minima sociaux,PPMINI
67,1.2,2018,prestations logements,PPLOGT
67,-18.5,2018,Impôts,PIMPOT
68,11980.0,2018,Premier décile,D1
68,43390.0,2018,Neuvième décile,D9
68,3.6,2018,Rapport interdécile (sans unité),RD
68,12.9,2018,taux de pauvreté,TP60
68,78.3,2018,Part des revenus d'activité,PACT
68,71.2,2018,Part des salaires ou traitements hors indemnités de chômage,PTSA
68,3.0,2018,Part des indemnités de chômage,PCHO
68,4.1,2018,revenus des activités non salariées,PBEN
68,27.7,2018,"Pensions, retraites, et rentes",PPEN
68,8.3,2018,Revenus du patrimoine,PPAT
68,4.5,2018,Ensemble des prestations sociales,PPSOC
68,1.8,2018,prestations familiales,PPFAM
68,1.6,2018,Minima sociaux,PPMINI
68,1.1,2018,prestations logements,PPLOGT
68,-18.8,2018,Impôts,PIMPOT
69,11600.0,2018,Premier décile,D1
69,43120.0,2018,Neuvième décile,D9
69,3.7,2018,Rapport interdécile (sans unité),RD
69,14.2,2018,taux de pauvreté,TP60
69,79.2,2018,Part des revenus d'activité,PACT
69,71.2,2018,Part des salaires ou traitements hors indemnités de chômage,PTSA
69,3.0,2018,Part des indemnités de chômage,PCHO
69,5.0,2018,revenus des activités non salariées,PBEN
69,24.1,2018,"Pensions, retraites, et rentes",PPEN
69,11.5,2018,Revenus du patrimoine,PPAT
69,5.2,2018,Ensemble des prestations sociales,PPSOC
69,2.2,2018,prestations familiales,PPFAM
69,1.8,2018,Minima sociaux,PPMINI
69,1.2,2018,prestations logements,PPLOGT
69,-20.0,2018,Impôts,PIMPOT
70,12090.0,2018,Premier décile,D1
70,33200.0,2018,Neuvième décile,D9
70,2.7,2018,Rapport interdécile (sans unité),RD
70,13.2,2018,taux de pauvreté,TP60
70,68.2,2018,Part des revenus d'activité,PACT
70,60.4,2018,Part des salaires ou traitements hors indemnités de chômage,PTSA
70,2.8,2018,Part des indemnités de chômage,PCHO
70,5.0,2018,revenus des activités non salariées,PBEN
70,33.1,2018,"Pensions, retraites, et rentes",PPEN
70,7.9,2018,Revenus du patrimoine,PPAT
70,5.6,2018,Ensemble des prestations sociales,PPSOC
70,2.3,2018,prestations familiales,PPFAM
70,2.1,2018,Minima sociaux,PPMINI
70,1.2,2018,prestations logements,PPLOGT
70,-14.8,2018,Impôts,PIMPOT
71,12080.0,2018,Premier décile,D1
71,34520.0,2018,Neuvième décile,D9
71,2.9,2018,Rapport interdécile (sans unité),RD
71,13.1,2018,taux de pauvreté,TP60
71,66.5,2018,Part des revenus d'activité,PACT
71,57.6,2018,Part des salaires ou traitements hors indemnités de chômage,PTSA
71,2.7,2018,Part des indemnités de chômage,PCHO
71,6.2,2018,revenus des activités non salariées,PBEN
71,35.4,2018,"Pensions, retraites, et rentes",PPEN
71,8.9,2018,Revenus du patrimoine,PPAT
71,5.3,2018,Ensemble des prestations sociales,PPSOC
71,2.1,2018,prestations familiales,PPFAM
71,2.0,2018,Minima sociaux,PPMINI
71,1.2,2018,prestations logements,PPLOGT
71,-16.1,2018,Impôts,PIMPOT
72,12010.0,2018,Premier décile,D1
72,33770.0,2018,Neuvième décile,D9
72,2.8,2018,Rapport interdécile (sans unité),RD
72,13.1,2018,taux de pauvreté,TP60
72,69.5,2018,Part des revenus d'activité,PACT
72,62.2,2018,Part des salaires ou traitements hors indemnités de chômage,PTSA
72,2.6,2018,Part des indemnités de chômage,PCHO
72,4.7,2018,revenus des activités non salariées,PBEN
72,32.5,2018,"Pensions, retraites, et rentes",PPEN
72,8.2,2018,Revenus du patrimoine,PPAT
72,5.7,2018,Ensemble des prestations sociales,PPSOC
72,2.5,2018,prestations familiales,PPFAM
72,1.9,2018,Minima sociaux,PPMINI
72,1.3,2018,prestations logements,PPLOGT
72,-15.9,2018,Impôts,PIMPOT
73,13050.0,2018,Premier décile,D1
73,39100.0,2018,Neuvième décile,D9
73,3.0,2018,Rapport interdécile (sans unité),RD
73,10.0,2018,taux de pauvreté,TP60
73,73.4,2018,Part des revenus d'activité,PACT
73,63.9,2018,Part des salaires ou traitements hors indemnités de chômage,PTSA
73,2.9,2018,Part des indemnités de chômage,PCHO
73,6.6,2018,revenus des activités non salariées,PBEN
73,28.7,2018,"Pensions, retraites, et rentes",PPEN
73,11.9,2018,Revenus du patrimoine,PPAT
73,4.0,2018,Ensemble des prestations sociales,PPSOC
73,1.8,2018,prestations familiales,PPFAM
73,1.3,2018,Minima sociaux,PPMINI
73,0.9,2018,prestations logements,PPLOGT
73,-18.0,2018,Impôts,PIMPOT
74,13580.0,2018,Premier décile,D1
74,55790.0,2018,Neuvième décile,D9
74,4.1,2018,Rapport interdécile (sans unité),RD
74,8.9,2018,taux de pauvreté,TP60
74,83.9,2018,Part des revenus d'activité,PACT
74,76.3,2018,Part des salaires ou traitements hors indemnités de chômage,PTSA
74,3.0,2018,Part des indemnités de chômage,PCHO
74,4.6,2018,revenus des activités non salariées,PBEN
74,20.8,2018,"Pensions, retraites, et rentes",PPEN
74,10.6,2018,Revenus du patrimoine,PPAT
74,2.5,2018,Ensemble des prestations sociales,PPSOC
74,1.2,2018,prestations familiales,PPFAM
74,0.8,2018,Minima sociaux,PPMINI
74,0.5,2018,prestations logements,PPLOGT
74,-17.8,2018,Impôts,PIMPOT
75,10820.0,2018,Premier décile,D1
75,68990.0,2018,Neuvième décile,D9
75,6.4,2018,Rapport interdécile (sans unité),RD
75,15.2,2018,taux de pauvreté,TP60
75,88.3,2018,Part des revenus d'activité,PACT
75,76.4,2018,Part des salaires ou traitements hors indemnités de chômage,PTSA
75,2.8,2018,Part des indemnités de chômage,PCHO
75,9.1,2018,revenus des activités non salariées,PBEN
75,19.2,2018,"Pensions, retraites, et rentes",PPEN
75,19.2,2018,Revenus du patrimoine,PPAT
75,2.8,2018,Ensemble des prestations sociales,PPSOC
75,0.8,2018,prestations familiales,PPFAM
75,1.2,2018,Minima sociaux,PPMINI
75,0.8,2018,prestations logements,PPLOGT
75,-29.5,2018,Impôts,PIMPOT
76,11530.0,2018,Premier décile,D1
76,36140.0,2018,Neuvième décile,D9
76,3.1,2018,Rapport interdécile (sans unité),RD
76,14.9,2018,taux de pauvreté,TP60
76,72.3,2018,Part des revenus d'activité,PACT
76,64.4,2018,Part des salaires ou traitements hors indemnités de chômage,PTSA
76,2.9,2018,Part des indemnités de chômage,PCHO
76,5.0,2018,revenus des activités non salariées,PBEN
76,30.1,2018,"Pensions, retraites, et rentes",PPEN
76,7.7,2018,Revenus du patrimoine,PPAT
76,6.6,2018,Ensemble des prestations sociales,PPSOC
76,2.4,2018,prestations familiales,PPFAM
76,2.6,2018,Minima sociaux,PPMINI
76,1.6,2018,prestations logements,PPLOGT
76,-16.7,2018,Impôts,PIMPOT
77,12350.0,2018,Premier décile,D1
77,39350.0,2018,Neuvième décile,D9
77,3.2,2018,Rapport interdécile (sans unité),RD
77,11.8,2018,taux de pauvreté,TP60
77,83.2,2018,Part des revenus d'activité,PACT
77,76.5,2018,Part des salaires ou traitements hors indemnités de chômage,PTSA
77,2.9,2018,Part des indemnités de chômage,PCHO
77,3.8,2018,revenus des activités non salariées,PBEN
77,22.8,2018,"Pensions, retraites, et rentes",PPEN
77,7.7,2018,Revenus du patrimoine,PPAT
77,5.0,2018,Ensemble des prestations sociales,PPSOC
77,2.4,2018,prestations familiales,PPFAM
77,1.6,2018,Minima sociaux,PPMINI
77,1.0,2018,prestations logements,PPLOGT
77,-18.7,2018,Impôts,PIMPOT
78,13150.0,2018,Premier décile,D1
78,51590.0,2018,Neuvième décile,D9
78,3.9,2018,Rapport interdécile (sans unité),RD
78,9.7,2018,taux de pauvreté,TP60
78,86.6,2018,Part des revenus d'activité,PACT
78,80.3,2018,Part des salaires ou traitements hors indemnités de chômage,PTSA
78,2.5,2018,Part des indemnités de chômage,PCHO
78,3.8,2018,revenus des activités non salariées,PBEN
78,23.3,2018,"Pensions, retraites, et rentes",PPEN
78,10.3,2018,Revenus du patrimoine,PPAT
78,3.4,2018,Ensemble des prestations sociales,PPSOC
78,1.7,2018,prestations familiales,PPFAM
78,1.0,2018,Minima sociaux,PPMINI
78,0.7,2018,prestations logements,PPLOGT
78,-23.6,2018,Impôts,PIMPOT
79,12310.0,2018,Premier décile,D1
79,34230.0,2018,Neuvième décile,D9
79,2.8,2018,Rapport interdécile (sans unité),RD
79,12.3,2018,taux de pauvreté,TP60
79,70.3,2018,Part des revenus d'activité,PACT
79,62.1,2018,Part des salaires ou traitements hors indemnités de chômage,PTSA
79,2.4,2018,Part des indemnités de chômage,PCHO
79,5.8,2018,revenus des activités non salariées,PBEN
79,31.4,2018,"Pensions, retraites, et rentes",PPEN
79,8.8,2018,Revenus du patrimoine,PPAT
79,5.4,2018,Ensemble des prestations sociales,PPSOC
79,2.2,2018,prestations familiales,PPFAM
79,2.0,2018,Minima sociaux,PPMINI
79,1.2,2018,prestations logements,PPLOGT
79,-15.9,2018,Impôts,PIMPOT
80,11210.0,2018,Premier décile,D1
80,34670.0,2018,Neuvième décile,D9
80,3.1,2018,Rapport interdécile (sans unité),RD
80,16.4,2018,taux de pauvreté,TP60
80,70.6,2018,Part des revenus d'activité,PACT
80,61.4,2018,Part des salaires ou traitements hors indemnités de chômage,PTSA
80,2.9,2018,Part des indemnités de chômage,PCHO
80,6.3,2018,revenus des activités non salariées,PBEN
80,29.9,2018,"Pensions, retraites, et rentes",PPEN
80,9.1,2018,Revenus du patrimoine,PPAT
80,6.8,2018,Ensemble des prestations sociales,PPSOC
80,2.4,2018,prestations familiales,PPFAM
80,2.9,2018,Minima sociaux,PPMINI
80,1.5,2018,prestations logements,PPLOGT
80,-16.4,2018,Impôts,PIMPOT
81,11390.0,2018,Premier décile,D1
81,34370.0,2018,Neuvième décile,D9
81,3.0,2018,Rapport interdécile (sans unité),RD
81,15.6,2018,taux de pauvreté,TP60
81,64.8,2018,Part des revenus d'activité,PACT
81,55.6,2018,Part des salaires ou traitements hors indemnités de chômage,PTSA
81,3.0,2018,Part des indemnités de chômage,PCHO
81,6.2,2018,revenus des activités non salariées,PBEN
81,34.6,2018,"Pensions, retraites, et rentes",PPEN
81,10.3,2018,Revenus du patrimoine,PPAT
81,6.0,2018,Ensemble des prestations sociales,PPSOC
81,2.2,2018,prestations familiales,PPFAM
81,2.4,2018,Minima sociaux,PPMINI
81,1.4,2018,prestations logements,PPLOGT
81,-15.7,2018,Impôts,PIMPOT
82,11050.0,2018,Premier décile,D1
82,33750.0,2018,Neuvième décile,D9
82,3.1,2018,Rapport interdécile (sans unité),RD
82,17.0,2018,taux de pauvreté,TP60
82,68.4,2018,Part des revenus d'activité,PACT
82,59.2,2018,Part des salaires ou traitements hors indemnités de chômage,PTSA
82,3.2,2018,Part des indemnités de chômage,PCHO
82,6.0,2018,revenus des activités non salariées,PBEN
82,30.9,2018,"Pensions, retraites, et rentes",PPEN
82,9.4,2018,Revenus du patrimoine,PPAT
82,6.7,2018,Ensemble des prestations sociales,PPSOC
82,2.5,2018,prestations familiales,PPFAM
82,2.7,2018,Minima sociaux,PPMINI
82,1.5,2018,prestations logements,PPLOGT
82,-15.4,2018,Impôts,PIMPOT
83,11190.0,2018,Premier décile,D1
83,38340.0,2018,Neuvième décile,D9
83,3.4,2018,Rapport interdécile (sans unité),RD
83,15.6,2018,taux de pauvreté,TP60
83,63.9,2018,Part des revenus d'activité,PACT
83,54.0,2018,Part des salaires ou traitements hors indemnités de chômage,PTSA
83,3.2,2018,Part des indemnités de chômage,PCHO
83,6.7,2018,revenus des activités non salariées,PBEN
83,36.8,2018,"Pensions, retraites, et rentes",PPEN
83,13.0,2018,Revenus du patrimoine,PPAT
83,5.1,2018,Ensemble des prestations sociales,PPSOC
83,1.7,2018,prestations familiales,PPFAM
83,2.2,2018,Minima sociaux,PPMINI
83,1.2,2018,prestations logements,PPLOGT
83,-18.8,2018,Impôts,PIMPOT
84,10320.0,2018,Premier décile,D1
84,35530.0,2018,Neuvième décile,D9
84,3.4,2018,Rapport interdécile (sans unité),RD
84,20.0,2018,taux de pauvreté,TP60
84,68.0,2018,Part des revenus d'activité,PACT
84,57.8,2018,Part des salaires ou traitements hors indemnités de chômage,PTSA
84,3.8,2018,Part des indemnités de chômage,PCHO
84,6.4,2018,revenus des activités non salariées,PBEN
84,30.8,2018,"Pensions, retraites, et rentes",PPEN
84,11.3,2018,Revenus du patrimoine,PPAT
84,6.8,2018,Ensemble des prestations sociales,PPSOC
84,2.5,2018,prestations familiales,PPFAM
84,2.6,2018,Minima sociaux,PPMINI
84,1.7,2018,prestations logements,PPLOGT
84,-16.9,2018,Impôts,PIMPOT
85,13300.0,2018,Premier décile,D1
85,33750.0,2018,Neuvième décile,D9
85,2.5,2018,Rapport interdécile (sans unité),RD
85,9.2,2018,taux de pauvreté,TP60
85,67.0,2018,Part des revenus d'activité,PACT
85,58.8,2018,Part des salaires ou traitements hors indemnités de chômage,PTSA
85,2.7,2018,Part des indemnités de chômage,PCHO
85,5.5,2018,revenus des activités non salariées,PBEN
85,34.5,2018,"Pensions, retraites, et rentes",PPEN
85,9.9,2018,Revenus du patrimoine,PPAT
85,4.5,2018,Ensemble des prestations sociales,PPSOC
85,2.2,2018,prestations familiales,PPFAM
85,1.4,2018,Minima sociaux,PPMINI
85,0.9,2018,prestations logements,PPLOGT
85,-15.9,2018,Impôts,PIMPOT
86,11600.0,2018,Premier décile,D1
86,34760.0,2018,Neuvième décile,D9
86,3.0,2018,Rapport interdécile (sans unité),RD
86,14.3,2018,taux de pauvreté,TP60
86,69.4,2018,Part des revenus d'activité,PACT
86,61.6,2018,Part des salaires ou traitements hors indemnités de chômage,PTSA
86,2.6,2018,Part des indemnités de chômage,PCHO
86,5.2,2018,revenus des activités non salariées,PBEN
86,32.1,2018,"Pensions, retraites, et rentes",PPEN
86,9.2,2018,Revenus du patrimoine,PPAT
86,5.7,2018,Ensemble des prestations sociales,PPSOC
86,2.2,2018,prestations familiales,PPFAM
86,2.1,2018,Minima sociaux,PPMINI
86,1.4,2018,prestations logements,PPLOGT
86,-16.4,2018,Impôts,PIMPOT
87,11280.0,2018,Premier décile,D1
87,34970.0,2018,Neuvième décile,D9
87,3.1,2018,Rapport interdécile (sans unité),RD
87,15.5,2018,taux de pauvreté,TP60
87,66.2,2018,Part des revenus d'activité,PACT
87,58.6,2018,Part des salaires ou traitements hors indemnités de chômage,PTSA
87,2.3,2018,Part des indemnités de chômage,PCHO
87,5.3,2018,revenus des activités non salariées,PBEN
87,36.1,2018,"Pensions, retraites, et rentes",PPEN
87,8.5,2018,Revenus du patrimoine,PPAT
87,5.9,2018,Ensemble des prestations sociales,PPSOC
87,1.9,2018,prestations familiales,PPFAM
87,2.6,2018,Minima sociaux,PPMINI
87,1.4,2018,prestations logements,PPLOGT
87,-16.7,2018,Impôts,PIMPOT
88,11460.0,2018,Premier décile,D1
88,33240.0,2018,Neuvième décile,D9
88,2.9,2018,Rapport interdécile (sans unité),RD
88,15.4,2018,taux de pauvreté,TP60
88,66.3,2018,Part des revenus d'activité,PACT
88,58.3,2018,Part des salaires ou traitements hors indemnités de chômage,PTSA
88,3.0,2018,Part des indemnités de chômage,PCHO
88,5.0,2018,revenus des activités non salariées,PBEN
88,34.1,2018,"Pensions, retraites, et rentes",PPEN
88,9.0,2018,Revenus du patrimoine,PPAT
88,6.0,2018,Ensemble des prestations sociales,PPSOC
88,2.2,2018,prestations familiales,PPFAM
88,2.4,2018,Minima sociaux,PPMINI
88,1.4,2018,prestations logements,PPLOGT
88,-15.4,2018,Impôts,PIMPOT
89,11620.0,2018,Premier décile,D1
89,34280.0,2018,Neuvième décile,D9
89,3.0,2018,Rapport interdécile (sans unité),RD
89,14.5,2018,taux de pauvreté,TP60
89,66.2,2018,Part des revenus d'activité,PACT
89,57.3,2018,Part des salaires ou traitements hors indemnités de chômage,PTSA
89,2.6,2018,Part des indemnités de chômage,PCHO
89,6.3,2018,revenus des activités non salariées,PBEN
89,35.0,2018,"Pensions, retraites, et rentes",PPEN
89,9.2,2018,Revenus du patrimoine,PPAT
89,5.8,2018,Ensemble des prestations sociales,PPSOC
89,2.3,2018,prestations familiales,PPFAM
89,2.3,2018,Minima sociaux,PPMINI
89,1.2,2018,prestations logements,PPLOGT
89,-16.2,2018,Impôts,PIMPOT
90,11590.0,2018,Premier décile,D1
90,38150.0,2018,Neuvième décile,D9
90,3.3,2018,Rapport interdécile (sans unité),RD
90,14.5,2018,taux de pauvreté,TP60
90,76.1,2018,Part des revenus d'activité,PACT
90,69.1,2018,Part des salaires ou traitements hors indemnités de chômage,PTSA
90,3.2,2018,Part des indemnités de chômage,PCHO
90,3.8,2018,revenus des activités non salariées,PBEN
90,28.3,2018,"Pensions, retraites, et rentes",PPEN
90,7.3,2018,Revenus du patrimoine,PPAT
90,5.6,2018,Ensemble des prestations sociales,PPSOC
90,2.1,2018,prestations familiales,PPFAM
90,2.1,2018,Minima sociaux,PPMINI
90,1.4,2018,prestations logements,PPLOGT
90,-17.3,2018,Impôts,PIMPOT
91,11880.0,2018,Premier décile,D1
91,42180.0,2018,Neuvième décile,D9
91,3.6,2018,Rapport interdécile (sans unité),RD
91,13.1,2018,taux de pauvreté,TP60
91,84.4,2018,Part des revenus d'activité,PACT
91,78.6,2018,Part des salaires ou traitements hors indemnités de chômage,PTSA
91,2.7,2018,Part des indemnités de chômage,PCHO
91,3.1,2018,revenus des activités non salariées,PBEN
91,23.7,2018,"Pensions, retraites, et rentes",PPEN
91,7.7,2018,Revenus du patrimoine,PPAT
91,4.7,2018,Ensemble des prestations sociales,PPSOC
91,2.3,2018,prestations familiales,PPFAM
91,1.4,2018,Minima sociaux,PPMINI
91,1.0,2018,prestations logements,PPLOGT
91,-20.5,2018,Impôts,PIMPOT
92,12220.0,2018,Premier décile,D1
92,60580.0,2018,Neuvième décile,D9
92,5.0,2018,Rapport interdécile (sans unité),RD
92,11.9,2018,taux de pauvreté,TP60
92,92.0,2018,Part des revenus d'activité,PACT
92,84.1,2018,Part des salaires ou traitements hors indemnités de chômage,PTSA
92,2.7,2018,Part des indemnités de chômage,PCHO
92,5.2,2018,revenus des activités non salariées,PBEN
92,18.7,2018,"Pensions, retraites, et rentes",PPEN
92,13.0,2018,Revenus du patrimoine,PPAT
92,2.9,2018,Ensemble des prestations sociales,PPSOC
92,1.2,2018,prestations familiales,PPFAM
92,1.0,2018,Minima sociaux,PPMINI
92,0.7,2018,prestations logements,PPLOGT
92,-26.6,2018,Impôts,PIMPOT
93,8910.0,2018,Premier décile,D1
93,33960.0,2018,Neuvième décile,D9
93,3.8,2018,Rapport interdécile (sans unité),RD
93,28.4,2018,taux de pauvreté,TP60
93,82.3,2018,Part des revenus d'activité,PACT
93,75.1,2018,Part des salaires ou traitements hors indemnités de chômage,PTSA
93,4.2,2018,Part des indemnités de chômage,PCHO
93,3.0,2018,revenus des activités non salariées,PBEN
93,19.1,2018,"Pensions, retraites, et rentes",PPEN
93,5.6,2018,Revenus du patrimoine,PPAT
93,9.9,2018,Ensemble des prestations sociales,PPSOC
93,3.8,2018,prestations familiales,PPFAM
93,3.7,2018,Minima sociaux,PPMINI
93,2.4,2018,prestations logements,PPLOGT
93,-16.9,2018,Impôts,PIMPOT
94,10790.0,2018,Premier décile,D1
94,44900.0,2018,Neuvième décile,D9
94,4.2,2018,Rapport interdécile (sans unité),RD
94,16.6,2018,taux de pauvreté,TP60
94,86.3,2018,Part des revenus d'activité,PACT
94,78.7,2018,Part des salaires ou traitements hors indemnités de chômage,PTSA
94,3.0,2018,Part des indemnités de chômage,PCHO
94,4.6,2018,revenus des activités non salariées,PBEN
94,21.3,2018,"Pensions, retraites, et rentes",PPEN
94,9.1,2018,Revenus du patrimoine,PPAT
94,5.1,2018,Ensemble des prestations sociales,PPSOC
94,2.1,2018,prestations familiales,PPFAM
94,1.8,2018,Minima sociaux,PPMINI
94,1.2,2018,prestations logements,PPLOGT
94,-21.8,2018,Impôts,PIMPOT
95,10750.0,2018,Premier décile,D1
95,39370.0,2018,Neuvième décile,D9
95,3.7,2018,Rapport interdécile (sans unité),RD
95,17.2,2018,taux de pauvreté,TP60
95,84.4,2018,Part des revenus d'activité,PACT
95,77.6,2018,Part des salaires ou traitements hors indemnités de chômage,PTSA
95,3.2,2018,Part des indemnités de chômage,PCHO
95,3.6,2018,revenus des activités non salariées,PBEN
95,22.0,2018,"Pensions, retraites, et rentes",PPEN
95,6.9,2018,Revenus du patrimoine,PPAT
95,5.9,2018,Ensemble des prestations sociales,PPSOC
95,2.8,2018,prestations familiales,PPFAM
95,1.8,2018,Minima sociaux,PPMINI
95,1.3,2018,prestations logements,PPLOGT
95,-19.2,2018,Impôts,PIMPOT
2A,11080.0,2018,Premier décile,D1
2A,39380.0,2018,Neuvième décile,D9
2A,3.6,2018,Rapport interdécile (sans unité),RD
2A,16.1,2018,taux de pauvreté,TP60
2A,70.3,2018,Part des revenus d'activité,PACT
2A,59.5,2018,Part des salaires ou traitements hors indemnités de chômage,PTSA
2A,2.7,2018,Part des indemnités de chômage,PCHO
2A,8.1,2018,revenus des activités non salariées,PBEN
2A,31.8,2018,"Pensions, retraites, et rentes",PPEN
2A,12.4,2018,Revenus du patrimoine,PPAT
2A,5.0,2018,Ensemble des prestations sociales,PPSOC
2A,1.4,2018,prestations familiales,PPFAM
2A,2.5,2018,Minima sociaux,PPMINI
2A,1.1,2018,prestations logements,PPLOGT
2A,-19.5,2018,Impôts,PIMPOT
2B,10110.0,2018,Premier décile,D1
2B,36440.0,2018,Neuvième décile,D9
2B,3.6,2018,Rapport interdécile (sans unité),RD
2B,20.6,2018,taux de pauvreté,TP60
2B,67.6,2018,Part des revenus d'activité,PACT
2B,55.2,2018,Part des salaires ou traitements hors indemnités de chômage,PTSA
2B,2.9,2018,Part des indemnités de chômage,PCHO
2B,9.5,2018,revenus des activités non salariées,PBEN
2B,32.3,2018,"Pensions, retraites, et rentes",PPEN
2B,11.4,2018,Revenus du patrimoine,PPAT
2B,6.5,2018,Ensemble des prestations sociales,PPSOC
2B,1.6,2018,prestations familiales,PPFAM
2B,3.3,2018,Minima sociaux,PPMINI
2B,1.6,2018,prestations logements,PPLOGT
2B,-17.8,2018,Impôts,PIMPOT
972,8800.0,2018,Premier décile,D1
972,37400.0,2018,Neuvième décile,D9
972,4.3,2018,Rapport interdécile (sans unité),RD
972,29.8,2018,taux de pauvreté,TP60
972,72.2,2018,Part des revenus d'activité,PACT
972,63.1,2018,Part des salaires ou traitements hors indemnités de chômage,PTSA
972,3.7,2018,Part des indemnités de chômage,PCHO
972,5.4,2018,revenus des activités non salariées,PBEN
972,24.4,2018,"Pensions, retraites, et rentes",PPEN
972,6.2,2018,Revenus du patrimoine,PPAT
972,11.8,2018,Ensemble des prestations sociales,PPSOC
972,2.7,2018,prestations familiales,PPFAM
972,7.0,2018,Minima sociaux,PPMINI
972,2.1,2018,prestations logements,PPLOGT
972,-14.6,2018,Impôts,PIMPOT
974,8240.0,2018,Premier décile,D1
974,36130.0,2018,Neuvième décile,D9
974,4.4,2018,Rapport interdécile (sans unité),RD
974,38.9,2018,taux de pauvreté,TP60
974,75.0,2018,Part des revenus d'activité,PACT
974,62.1,2018,Part des salaires ou traitements hors indemnités de chômage,PTSA
974,5.3,2018,Part des indemnités de chômage,PCHO
974,7.6,2018,revenus des activités non salariées,PBEN
974,15.5,2018,"Pensions, retraites, et rentes",PPEN
974,6.6,2018,Revenus du patrimoine,PPAT
974,16.6,2018,Ensemble des prestations sociales,PPSOC
974,4.5,2018,prestations familiales,PPFAM
974,8.8,2018,Minima sociaux,PPMINI
974,3.3,2018,prestations logements,PPLOGT
974,-13.7,2018,Impôts,PIMPOT
